description,tag,category
1994 311 Grassroots Shirt,311,Music
2003 311 Shirt,311,Music
2000 311 Fall Tour Shirt,311,Music
2000 311 Fall Tour Shirt,311,Music
2000 311 Fall Tour shirt,311,Music
1997 311 Transistor Tour Shirt,311,Music
1997 311 Local Crew Tour Shirt,311,Music
1997 311 Local Crew Concert Shirt,311,Music
1990s Three Eleven 311 Alien Shirt,311,Music
1986 ACDC Fly On The Wall Tour Shirt,acdc,Music
1996 ACDC Ballbreaker Tour Shirt,acdc,Music
1982 ACDC For Those About To Rock Tour Shirt,acdc,Music
1983 ACDC Flick Of The Switch Tour Jersey Shirt,acdc,Music
1981 ACDC For Those Bout To Rock Tour Shirt,acdc,Music
1982 ACDC Houston Texas Concert Shirt,acdc,Music
1978 ACDC Powerage Atlantic Records Promo Shirt,acdc,Music
1996 ACDC Ballbreaker Tour Shirt,acdc,Music
1980 ACDC Let There Be Rock Shirt,acdc,Music
1977 ACDC Let There Be Rock Summer Tour Shirt,acdc,Music
1990 ACDC Razors Edge Local Crew Tour Shirt,acdc,Music
1981 ACDC For Those About To Rock Tour Jersey Shirt,acdc,Music
1996 ACDC Ballbreaker Tour Shirt,acdc,Music
1995 ACDC Ballbreaker Comic Book Shirt,acdc,Music
1991 ACDC Razor's Edge Local Crew World Tour Shirt,acdc,Music
1991 ACDC Back In Black Shirt,acdc,Music
1990 ACDC The Razors Edge All Over Print Shirt,acdc,Music
1990 ACDC Razors Edge All Over Print Shirt,acdc,Music
1990 ACDC Razors Edge All Over Print Shirt,acdc,Music
1990 ACDC Razor's Edge Back In Black Shirt,acdc,Music
1990 ACDC Are you Ready Tank Top Shirt,acdc,Music
1990 ACDC Are You Ready Tank Top Shirt,acdc,Music
1983 ACDC Flick Of The Switch Tour Jersey Shirt,acdc,Music
1982 ACDC North American Tour Jersey Shirt,acdc,Music
1980s ACDC Let There Be Rock Sleeveless Tour Shirt,acdc,Music
1980s ACDC Highway To Hell Shirt,acdc,Music
1987 Aerosmith Permanent Vacation Tour Shirt,aerosmith,Music
1978 Aerosmith American Tour Shirt,aerosmith,Music
2002 Aerosmith Tour Shirt,aerosmith,Music
2000 Aerosmith Just Push Play Tour Shirt,aerosmith,Music
1979 Aerosmith Right In The Nuts Jersey Shirt,aerosmith,Music
1999 Aerosmith 9 Lives Tour Shirt,aerosmith,Music
2001 Aerosmith Just Push Play Tie Dye Shirt,aerosmith,Music
1997 Aerosmith Nine Lives Shirt,aerosmith,Music
1993 Aerosmith Get A Grip Shirt,aerosmith,Music
1977 Reading Rock Festival Shirt,aerosmith,Music
1988 Aerosmith Permanent Vacation Shirt,aerosmith,Music
1986 Aerosmith Done With Mirrors Tour Shirt,aerosmith,Music
1997 Aerosmith Nine Lives Tour Shirt,aerosmith,Music
1997 Aerosmith Nine Lives Tour Shirt,aerosmith,Music
1993 Aerosmith Get A Grip Tour Local Crew Shirt,aerosmith,Music
1993 Aerosmith Get A Grip World Tour Shirt,aerosmith,Music
1987 Aerosmith Permanent Vacation Tour Crew Polo Shirt,aerosmith,Music
1984 Aerosmith Back In The Saddle Tour Sleeveless Shirt,aerosmith,Music
1978 California Jam 2 Concert Shirt,aerosmith,Music
1993 Aerosmith Get A Grip Tour Shirt,aerosmith,Music
1998 Aerosmith The Fire Ball Boston NYE Concert Shirt,aerosmith,Music
2002 Aerosmith Girls Of Summer Tie Dye Tour Shirt,aerosmith,Music
2001 Aerosmith Hajime Sorayama Just Push Play Tour Shirt,aerosmith,Music
1999 Aerosmith Nothing Can Stop This Rock Tour Shirt,aerosmith,Music
1997 Aerosmith Nine Lives World Tour Shirt,aerosmith,Music
1997 Aerosmith Nine Lives Tour Shirt,aerosmith,Music
1997 Aerosmith Nine Lives Tour Shirt,aerosmith,Music
1997 Aerosmith Nine Lives North American Tour Shirt,aerosmith,Music
1997 Aerosmith Light Em Up  Load Em Out Crew Tour Shirt,aerosmith,Music
1997 Aerosmith 9 Lives World Tour Shirt,aerosmith,Music
1996 Aerosmith 9 Lives Tour Shirt,aerosmith,Music
1994 Woodstock Tie Dye Shirt,aerosmith,Music
1994 Woodstock Music Festival Tie Dye Shirt,aerosmith,Music
1994 Woodstock Music Festival Tie Dye Shirt,aerosmith,Music
1994 Woodstock Music Festival Tie Dye Shirt,aerosmith,Music
1994 Woodstock Music Festival Shirt,aerosmith,Music
1994 Woodstock Music Festival Concert Tie Dye Shirt,aerosmith,Music
1994 Woodstock Music And Arts Fair Tie Dye Shirt,aerosmith,Music
1994 Woodstock Music And Art Fair Tie Dye Shirt,aerosmith,Music
1994 Woodstock Music and Art Fair Tie Concert Dye Shirt,aerosmith,Music
1994 Woodstock Music And Art Fair Concert Tie Dye Shirt,aerosmith,Music
1994 Woodstock Music And Art Fair Concert Tie Dye Shirt,aerosmith,Music
1994 Woodstock Music And Art Fair Concert Tie Dye Shirt,aerosmith,Music
1994 Woodstock Music & Art Fair Tie Dye Shirt,aerosmith,Music
1994 Woodstock Concert Tie Dye Shirt,aerosmith,Music
1994 Woodstock Concert Tie Dye Shirt,aerosmith,Music
1994 Woodstock Concert Tie Dye Shirt,aerosmith,Music
1994 Woodstock Concert Shirt,aerosmith,Music
1994 Woodstock Concert Shirt,aerosmith,Music
1994 Woodstock 25th Anniversary Concert Tie Dye Shirt,aerosmith,Music
1994 Woodstock 2 Mores Days Of Music & Peace Tie Dye Shirt,aerosmith,Music
1994 Woodstock 2 Days Of Music & Peace Concert Tie Dye Shirt,aerosmith,Music
1994 Aerosmith Get A Grip Tour Shirt,aerosmith,Music
1993 Aerosmith Get A Grip World Tour Shirt,aerosmith,Music
1993 Aerosmith Get A Grip Tour Shirt,aerosmith,Music
1993 Aerosmith Get A Grip Tour Shirt,aerosmith,Music
1993 Aerosmith Get A Grip Tour Shirt,aerosmith,Music
1990s Aerosmith Local Crew Concert Shirt,aerosmith,Music
1990 Aerosmith Pump Tour Shirt,aerosmith,Music
1989 Aerosmith Pump Shirt,aerosmith,Music
1989 Aerosmith Aero-Force One Shirt,aerosmith,Music
1988 Aerosmith Elevator Pump Shirt,aerosmith,Music
1982 Aerosmith Rock In A Hard Place Jersey Shirt,aerosmith,Music
1982 Aerosmith Rock In A Hard Place Jersey Shirt,aerosmith,Music
1979 Aerosmith Night In The Ruts Tour Jersey Shirt,aerosmith,Music
1979 Aerosmith Night In The Ruts Shirt,aerosmith,Music
1978 Aerosmith Day On The Green Concert Shirt,aerosmith,Music
1987 Alice Cooper Raise Your Fist And Yell Tour Shirt,alice-cooper,Music
1989 Alice Cooper Trashed Shirt,alice-cooper,Music
1986 Alice Cooper The Nightmare Returns Tour Shirt,alice-cooper,Music
1980s Alice Cooper Shirt,alice-cooper,Music
1980 Alice Cooper North American Tour Shirt,alice-cooper,Music
1986 Alice Cooper The Nightmare Returns Tour Shirt,alice-cooper,Music
1986 Alice Cooper Nightmare Returns Tour Shirt,alice-cooper,Music
2000 Alice Cooper Troubled Man For Troubled Time Shirt,alice-cooper,Music
1999 Alice Cooper Insanity Shirt,alice-cooper,Music
1996 Alice Cooper School's Out Summer Tour Shirt,alice-cooper,Music
1990 Alice Cooper Trash Tour Shirt,alice-cooper,Music
1989 Alice Cooper Trashed Big Print Shirt,alice-cooper,Music
1988 Alice Cooper Trash Shirt,alice-cooper,Music
1987 Alice Cooper Raise Your Fist And Yell Tour Shirt,alice-cooper,Music
1987 Alice Cooper Raise Your Fist And Yell Tour Shirt,alice-cooper,Music
1987 Alice Cooper Raise Your Fist And Yell Tour Shirt,alice-cooper,Music
1987 Alice Cooper Raise Your Fist And Yell Tour Shirt,alice-cooper,Music
1986 Alice Cooper The Nightmare Returns Tour Shirt,alice-cooper,Music
1986 Alice Cooper Constrictor Tour Shirt,alice-cooper,Music
1986 Alice Cooper Constrictor Tour Shirt,alice-cooper,Music
1981 Alice Cooper Special Forces Jersey Shirt,alice-cooper,Music
1977 Alice Cooper Lace And Whiskey Promo Shirt,alice-cooper,Music
1970s Alice Cooper Shirt,alice-cooper,Music
1974 The Beatles 10th Anniversary Shirt,beatles,Music
1977 The Beatles Rise Again USA Tour Shirt,beatles,Music
1970s Beatles Butcher Album Cover Shirt,beatles,Music
1974 Beatles 10th Anniversary Promo Shirt,beatles,Music
1992 The Beatles Meet The Beatles Shirt,beatles,Music
1980s The Beatles With The Beatles Shirt,beatles,Music
1990s The Beatles All Over Print Shirt,beatles,Music
1999 The Beatles All Together Now Shirt,beatles,Music
1990s The Beatles Abbey Road Shirt,beatles,Music
1989 The Beatles Shirt,beatles,Music
1974 The Beatles 10th Anniversary Shirt,beatles,Music
1974 The Beatles 10th Anniversary Shirt,beatles,Music
1990s The Beatles Yesterday Today Forever Shirt,beatles,Music
1970s The Beatles Shirt,beatles,Music
1994 The Beatles White Album Shirt,beatles,Music
1998 Beatles Shirt,beatles,Music
1997 The Beatles Rubber Soul Shirt,beatles,Music
1997 The Beatles Rubber Soul Shirt,beatles,Music
1997 The Beatles Liverpool England Tie Dye Shirt,beatles,Music
1996 The Beatles For Sale Shirt,beatles,Music
1995 The Beatles Shirt,beatles,Music
1992 The Beatles Winterland Shirt,beatles,Music
1992 The Beatles Winterland Shirt,beatles,Music
1992 The Beatles Winterland Shirt,beatles,Music
1992 The Beatles Winterland Shirt,beatles,Music
1992 The Beatles Winterland Shirt,beatles,Music
1992 The Beatles Winterland Shirt,beatles,Music
1992 The Beatles Winterland Shirt,beatles,Music
1992 The Beatles Let It Be Shirt,beatles,Music
1992 Meet The Beatles Shirt,beatles,Music
1992 Beatles Winterland Shirt,beatles,Music
1991 The Beatles Rock Music Shirt,beatles,Music
1990s The Beatles A Hard Day's Night Shirt,beatles,Music
1990s Beatles All Over Print Shirt,beatles,Music
1980s The Beatles Shirt,beatles,Music
1974 The Beatles 10th Anniversary Promo Shirt,beatles,Music
1974 The Beatles 10th Anniversary Capitol Records Promo Shirt,beatles,Music
1970s Beatles 10th Anniversary Shirt,beatles,Music
1970s Black Sabbath Shirt,black-sabbath,Music
1999 Black Sabbath Reunion Tour Shirt,black-sabbath,Music
1975 Black Sabbath Tour Shirt,black-sabbath,Music
2000 Black Sabbath Shirt,black-sabbath,Music
1978 Black Sabbath World Tour Shirt,black-sabbath,Music
1989 Black Sabbath Headless Cross Tour Shirt,black-sabbath,Music
1976 Black Sabbath US Tour Shirt,black-sabbath,Music
1985 Live Aid Philadelphia Concert Shirt,black-sabbath,Music
1999 Black Sabbath The Last Supper Shirt,black-sabbath,Music
1985 Live Aid Philadelphia Concert Shirt,black-sabbath,Music
1990s Black Sabbath Heaven And Hell Shirt,black-sabbath,Music
1999 Black Sabbath Reunion Tour Shirt,black-sabbath,Music
1997 Ozzfest Ozzy Osbourne Tour Shirt,black-sabbath,Music
1980 Black Sabbath See Factor Crew World Tour Shirt,black-sabbath,Music
1983 Black Sabbath Live Evil Shirt,black-sabbath,Music
1981 Black Sabbath Mob Rules Tour Jersey Shirt,black-sabbath,Music
1999 Black Sabbath Reunion Tour Shirt,black-sabbath,Music
1974 Black Sabbath Tour Shirt,black-sabbath,Music
1999 Black Sabbath Reunion Tour Shirt,black-sabbath,Music
1999 Black Sabbath Doomsday Reunion Tour Shirt,black-sabbath,Music
1999 Black Sabbath Doomsday Reunion Tour Shirt,black-sabbath,Music
1999 Black Sabbath Doomsday Reunion Tour Shirt,black-sabbath,Music
1997 Ozzy Osbourne Ozzfest Tour Shirt,black-sabbath,Music
1997 Ozzy Osbourne Ozzfest Tour Shirt,black-sabbath,Music
1997 Ozzy Osbourne Ozzfest Concert Shirt,black-sabbath,Music
1997 Ozzy Osbourne Ozzfest Shirt,black-sabbath,Music
1997 Ozzy Osbourne Ozzfest Concert Shirt,black-sabbath,Music
1997 Black Sabbath Tour Shirt,black-sabbath,Music
1990s Ozzy Osbourne Ozzfest Shirt,black-sabbath,Music
1978 Black Sabbath US Tour Shirt,black-sabbath,Music
1978 Black Sabbath Never Say Die Tour Long Sleeve Shirt,black-sabbath,Music
1978 Bob Dylan Universal Amphitheater Concert Shirt,bob-dylan,Music
1985 Live Aid This Shirt Saves Lives Shirt,bob-dylan,Music
1985 Live Aid Philadelphia Concert Shirt,bob-dylan,Music
1985 Live Aid Philadelphia Concert Shirt,bob-dylan,Music
1978 Bob Dylan Universal Amphitheater Concert Shirt,bob-dylan,Music
1994 Woodstock Tie Dye Shirt,bob-dylan,Music
1994 Woodstock Music Festival Tie Dye Shirt,bob-dylan,Music
1994 Woodstock Music Festival Tie Dye Shirt,bob-dylan,Music
1994 Woodstock Music Festival Tie Dye Shirt,bob-dylan,Music
1994 Woodstock Music Festival Shirt,bob-dylan,Music
1994 Woodstock Music Festival Concert Tie Dye Shirt,bob-dylan,Music
1994 Woodstock Music And Arts Fair Tie Dye Shirt,bob-dylan,Music
1994 Woodstock Music And Art Fair Tie Dye Shirt,bob-dylan,Music
1994 Woodstock Music and Art Fair Tie Concert Dye Shirt,bob-dylan,Music
1994 Woodstock Music And Art Fair Concert Tie Dye Shirt,bob-dylan,Music
1994 Woodstock Music And Art Fair Concert Tie Dye Shirt,bob-dylan,Music
1994 Woodstock Music And Art Fair Concert Tie Dye Shirt,bob-dylan,Music
1994 Woodstock Music & Art Fair Tie Dye Shirt,bob-dylan,Music
1994 Woodstock Concert Tie Dye Shirt,bob-dylan,Music
1994 Woodstock Concert Tie Dye Shirt,bob-dylan,Music
1994 Woodstock Concert Tie Dye Shirt,bob-dylan,Music
1994 Woodstock Concert Shirt,bob-dylan,Music
1994 Woodstock Concert Shirt,bob-dylan,Music
1994 Woodstock 25th Anniversary Concert Tie Dye Shirt,bob-dylan,Music
1994 Woodstock 2 Mores Days Of Music & Peace Tie Dye Shirt,bob-dylan,Music
1994 Woodstock 2 Days Of Music & Peace Concert Tie Dye Shirt,bob-dylan,Music
1990s Bob Dylan Queen Jane Shirt,bob-dylan,Music
1978 Bob Dylan US Tour Shirt,bob-dylan,Music
1978 Bob Dylan US Tour Shirt,bob-dylan,Music
1978 Bob Dylan US Tour Shirt,bob-dylan,Music
1978 Bob Dylan US Tour Shirt,bob-dylan,Music
1986 Bob Seger & The Silver Bullet Band Tour Shirt,bob-seger,Music
1996 Bob Seger North American Tour Shirt,bob-seger,Music
1986 Bob Seger American Storm Tour Shirt,bob-seger,Music
1980 Bob Seger And The Silver Bullet Band Shirt,bob-seger,Music
1977 Bob Seger On Tour Shirt,bob-seger,Music
1980 Bob Seger Against The Wind Shirt,bob-seger,Music
1980 Bob Seger Against The Wind Shirt,bob-seger,Music
1980 Bob Seger Rock Super Bowl Concert Shirt,bob-seger,Music
1996 Bob Seger Tour Shirt,bob-seger,Music
1996 Bob Seger Rock & Roll Never Forgets Tour Shirt,bob-seger,Music
1980 Bob Seger Sold Out Concert Shirt,bob-seger,Music
1986 Bob Seger & The Silver Bullet Band Sweatshirt,bob-seger,Music
1996 Bob Seger & The Silver Bullet Band Tour Shirt,bob-seger,Music
1977 Bob Seger March Of Dimes Shirt,bob-seger,Music
1986 Bob Seger And The Silver Bullet Band American Tour Shirt,bob-seger,Music
1995 Bob Seger Mystery Tour Shirt,bob-seger,Music
1986 Bob Seger Rock N Roll Never Forgets Shirt,bob-seger,Music
1986 Bob Seger American Storm Tour Shirt,bob-seger,Music
1986 Bob Seger American Storm Tour Shirt,bob-seger,Music
1986 Bob Seger & The Silver Bullet Band American Tour Shirt,bob-seger,Music
1980 Bob Seger Rock Superbowl Orlando Florida Concert Shirt,bob-seger,Music
1980 Bob Seger & The Silver Bullet Band Against The Wind Shirt,bob-seger,Music
1978 Bob Seger Stranger In Tour Shirt,bob-seger,Music
1976 Bob Seger Pontiac Silver Dome Shirt,bob-seger,Music
1987 Bon Jovi We Kicked Your Ass Tour Shirt,bon-jovi,Music
2001 Bon Jovi One Wild Night World Tour Shirt,bon-jovi,Music
1988 Bon Jovi Jersey Syndicate Local Hood Crew Tour Shirt,bon-jovi,Music
2002 Zootopia Music Festival Shirt,bon-jovi,Music
1989 Bon Jovi We're Back Kickin Ass Shirt,bon-jovi,Music
1986 Bon Jovi Slippery When Wet Shirt,bon-jovi,Music
1995 Bon Jovi Tour Shirt,bon-jovi,Music
1994 Bon Jovi Crossroad Tour Shirt,bon-jovi,Music
1990s Bon Jovi Forever Shirt,bon-jovi,Music
1990s Bon Jovi Forever Shirt,bon-jovi,Music
1990 Bon Jovi Christmas Benefit Concert Shirt,bon-jovi,Music
1989 Bon Jovi We're Back Kickin Ass Shirt,bon-jovi,Music
1989 Bon Jovi Shirt,bon-jovi,Music
1989 Bon Jovi Shirt,bon-jovi,Music
1989 Bon Jovi Shirt,bon-jovi,Music
1988 Bon Jovi Bad Medicine The Boys Are Back Shirt,bon-jovi,Music
1987 Bon Jovi Tour Jersey Shirt,bon-jovi,Music
1980s Bon Jovi You Give Love A Bad Name Shirt,bon-jovi,Music
1980s Bon Jovi We Came We Saw We Kicked Your Ass Shirt,bon-jovi,Music
1988 Bruce Springsteen Tunnel Of Love Express Tour Shirt,bruce-springsteen,Music
1984 Bruce Springsteen Tour Jersey Shirt,bruce-springsteen,Music
1987 Bruce Springsteen Tunnel Of Love Tour Shirt,bruce-springsteen,Music
1985 Bruce Springsteen World Tour Shirt,bruce-springsteen,Music
1984 Bruce Springsteen World Tour Jersey Shirt,bruce-springsteen,Music
1980 Bruce Springsteen World Tour Shirt,bruce-springsteen,Music
1973 Bruce Springsteen Wild And Innocent Jacket,bruce-springsteen,Music
2002 Bruce Springsteen The Rising Tour Shirt,bruce-springsteen,Music
1992 Bruce Springsteen Shirt,bruce-springsteen,Music
1984 Bruce Springsteen World Tour Jersey Shirt,bruce-springsteen,Music
1984 Bruce Springsteen Tour Jersey Shirt,bruce-springsteen,Music
1984 Bruce Springsteen And The E Street Band World Tour Shirt,bruce-springsteen,Music
1980 Bruce Springsteen World Tour Jersey Shirt,bruce-springsteen,Music
1980 Bruce Springsteen The River Tour Shirt,bruce-springsteen,Music
1980 Bruce Springsteen & The E Street Band World Tour Jersey Shirt,bruce-springsteen,Music
1980 Bruce Springsteen & The E Street Band Tour Jersey Shirt,bruce-springsteen,Music
1978 Bruce Springsteen US Tour Shirt,bruce-springsteen,Music
1973 Bruce Springsteen Asbury Park Tillie Shirt,bruce-springsteen,Music
1987 David Bowie Glass Spider Leather Tour Jacket,david-bowie,Music
1985 Live Aid This Shirt Saves Lives Shirt,david-bowie,Music
1995 NIN David Bowie The Outside Tour Shirt,david-bowie,Music
1985 Live Aid Philadelphia Concert Shirt,david-bowie,Music
1985 Live Aid Philadelphia Concert Shirt,david-bowie,Music
1995 David Bowie The Hearts Filthy Lesson Tour Shirt,david-bowie,Music
1983 Us Festival Concert Shirt,david-bowie,Music
1983 Us Festival Concert Shirt,david-bowie,Music
1995 David Bowie Shirt,david-bowie,Music
1995 David Bowie Outside Tour Shirt,david-bowie,Music
1995 David Bowie Nine Inch Nails Tour Shirt,david-bowie,Music
1990 Open Air Festival David Bowie The Pixies Concert Shirt,david-bowie,Music
1990 David Bowie Sound+Vision World Tour Shirt,david-bowie,Music
1990 David Bowie Sound + Vision Tour Shirt,david-bowie,Music
1990 David Bowie Sound + Vision Tour Shirt,david-bowie,Music
1990 David Bowie Sound + Vision Tour Nike Shirt,david-bowie,Music
1990 David Bowie Sound + Vision Tour Crew Polo Shirt,david-bowie,Music
1990 David Bowie Sound + Vision Tour Crew Polo Shirt,david-bowie,Music
1987 David Bowie The Glass Spider Tour Crew Shirt,david-bowie,Music
1987 David Bowie Glass Spider Tour Shirt,david-bowie,Music
1987 David Bowie Glass Spider Tour Shirt,david-bowie,Music
1987 David Bowie Glass Spider Tour Crew Polo Shirt,david-bowie,Music
1987 David Bowie Glass Spider Tour Crew Polo Shirt,david-bowie,Music
1983 Us Festival Concert Shirt,david-bowie,Music
1983 Us Festival Concert Shirt,david-bowie,Music
1983 Us Festival Concert Shirt,david-bowie,Music
1983 Us Festival Concert Shirt,david-bowie,Music
1983 Us Festival Concert Shirt,david-bowie,Music
1983 Us Festival Concert Jersey Shirt,david-bowie,Music
1992 Def Leppard Adrenalize Tour Shirt,def-leppard,Music
1992 Def Leppard 7 Day Weekend Crew Tour Shirt,def-leppard,Music
1992 Def Leppard 7 Day Weekend Crew Tour Shirt,def-leppard,Music
1992 Def Leppard 7 Day Weekend Crew Tour Shirt,def-leppard,Music
1983 Def Leppard Pyromania Tour Jersey Shirt,def-leppard,Music
1987 Def Leppard Hysteria Shirt,def-leppard,Music
1999 Def Leppard European Tour Shirt,def-leppard,Music
1993 Def Leppard How I Spent My Summer Tour Shirt,def-leppard,Music
1990s Def Leppard 7 Day Weekend Tour Crew Shirt,def-leppard,Music
1987 Def Leppard Hysteria Worth The Wait Shirt,def-leppard,Music
1987 Def Leppard Hysteria Tour Shirt,def-leppard,Music
1983 Def Leppard Pyromania Tour Shirt,def-leppard,Music
1983 Def Leppard Pyromania Tour Shirt,def-leppard,Music
1983 Def Leppard Pyromania Tour Jersey Shirt,def-leppard,Music
1983 Def Leppard Pyromania Tour Jersey Shirt,def-leppard,Music
1983 Def Leppard Pyromania Tour Jersey Shirt,def-leppard,Music
1983 Def Leppard Pyromania Rock Till You Drop Tour Shirt,def-leppard,Music
1994 Eagles Hell Freezes Over Tour Shirt,eagles,Music
1995 Eagles Hotel California Tour Shirt,eagles,Music
1994 Eagles Hell Freezes Over Tour Shirt,eagles,Music
1995 Eagles Hell Freezes Over World Tour Shirt,eagles,Music
1970s Eagles Hotel California Shirt,eagles,Music
1970s Eagles Shirt,eagles,Music
1994 Eagles Hell Freezes over World Tour Shirt,eagles,Music
1994 Eagles Hell Freezes over World Tour Shirt,eagles,Music
1995 Eagles World Tour Shirt,eagles,Music
1994 Eagles Hell Freezes Over Tour Shirt,eagles,Music
1995 Eagles Hell Freezes Over Tour Shirt,eagles,Music
1994 Eagles Hotel California Hell Freezes Over Tour Shirt,eagles,Music
2003 Eagles Dixie Chicks Benefit Concert Shirt,eagles,Music
2001 Eagles Denver Concert Shirt,eagles,Music
1999 Eagles Millennium Concerts Shirt,eagles,Music
1996 Eagles Hell Freezes Over Tour Shirt,eagles,Music
1995 Eagles Hell Freezes Over World Tour Shirt,eagles,Music
1995 Eagles Hell Freezes Over Tour Shirt,eagles,Music
1994 Eagles When Hell Freezes Over Tour Shirt,eagles,Music
1994 Eagles Hotel California Hell Freezes Over Tour Shirt,eagles,Music
1994 Eagles Hell Freezes Over World Tour Shirt,eagles,Music
1994 Eagles Hell Freezes Over World Tour Shirt,eagles,Music
1994 Eagles Hell Freezes Over World Tour Shirt,eagles,Music
1994 Eagles Hell Freezes Over World Tour Shirt,eagles,Music
1994 Eagles Hell Freezes Over World Tour Shirt,eagles,Music
1994 Eagles Hell Freezes Over World Tour Shirt,eagles,Music
1994 Eagles Hell Freezes Over Tour Shirt,eagles,Music
1994 Eagles Hell Freezes Over Tour Shirt,eagles,Music
1994 Eagles Hell Freezes Over Tour Shirt,eagles,Music
1994 Eagles Hell Freezes Over Tour Shirt,eagles,Music
1994 Eagles Hell Freezes Over Tour Shirt,eagles,Music
1979 Eagles The Long Run Promo Shirt,eagles,Music
1979 Eagles The Long Run Promo Shirt,eagles,Music
1979 Eagles Long Run Shirt,eagles,Music
1978 Summer Rock II Arrowhead Stadium Kansas City Shirt,eagles,Music
1986 Elton John Reg Strikes Back Shirt,elton-john,Music
1982 Elton John Jump Up Tour Shirt,elton-john,Music
1985 Live Aid This Shirt Saves Lives Shirt,elton-john,Music
1980 Elton John Tour Shirt,elton-john,Music
1985 Live Aid Philadelphia Concert Shirt,elton-john,Music
1982 Elton John Jump Up Tour Shirt,elton-john,Music
1980 Elton John Bill Graham Crackers Concert Shirt,elton-john,Music
1997 Elton John Tour Shirt,elton-john,Music
1994 Elton John Billy Joel Tour Shirt,elton-john,Music
1997 Elton John The Big Picture World Tour Shirt,elton-john,Music
1999 Elton John Tour Shirt,elton-john,Music
1997 Elton John Tour Shirt,elton-john,Music
1997 Elton John The Big Picture Tour Shirt,elton-john,Music
1995 Elton John Made In England Tour Shirt,elton-john,Music
1995 Billy Joel Elton John Face To Face Tour Shirt,elton-john,Music
1992 Elton John Versace Tour Shirt,elton-john,Music
1989 Elton John World Tour Shirt,elton-john,Music
1989 Elton John The World Tour Shirt,elton-john,Music
1989 Elton John The World Shirt,elton-john,Music
1986 Elton John World Tour Shirt,elton-john,Music
1986 Elton John World Tour Shirt,elton-john,Music
1975 Elton John Rock Of The Westies WZGC 93 FM Radio Promo Shirt,elton-john,Music
1975 Elton John Rock Of The Westies Promo Shirt,elton-john,Music
1979 Fleetwood Mac The Tusk Tour Shirt,fleetwood-mac,Music
1973 Fleetwood Mac Penguin Promo Shirt,fleetwood-mac,Music
1976 Fleetwood Mac Warner Brothers Promo Shirt,fleetwood-mac,Music
1970s Fleetwood Mac Rolling Stones Shirt,fleetwood-mac,Music
1976 Fleetwood Mac Shirt,fleetwood-mac,Music
1979 Fleetwood Mac The Tusk World Tour Shirt,fleetwood-mac,Music
1982 Us Festival Concert Shirt,fleetwood-mac,Music
1987 Fleetwood Mac Tango In The Night Tour Shirt,fleetwood-mac,Music
1997 Fleetwood Mac The Dance Tour Shirt,fleetwood-mac,Music
1976 Fleetwood Mac Rugby Promo Shirt,fleetwood-mac,Music
1976 Fleetwood Mac Warner Brothers Promo Jersey Shirt,fleetwood-mac,Music
1998 Stevie Nicks Enchanted Tour Shirt,fleetwood-mac,Music
1997 Fleetwood Mac Tour Shirt,fleetwood-mac,Music
1997 Fleetwood Mac Shirt,fleetwood-mac,Music
1994 Fleetwood Mac Tour Shirt,fleetwood-mac,Music
1990 Fleetwood Mac Shirt,fleetwood-mac,Music
1990 Fleetwood Mac Behind The Mask Tour Shirt,fleetwood-mac,Music
1990 Fleetwood Mac Behind The Mask Tour Shirt,fleetwood-mac,Music
1990 Fleetwood Mac Behind The Mask Tour Shirt,fleetwood-mac,Music
1990 Fleetwood Mac Behind The Mask Tour Shirt,fleetwood-mac,Music
1990 Fleetwood Mac Behind The Mask Tour Shirt,fleetwood-mac,Music
1989 Stevie Nicks The Other Side Of The Mirror Tour Shirt,fleetwood-mac,Music
1987 Fleetwood Mac Tour Shirt,fleetwood-mac,Music
1987 Fleetwood Mac The Mac Is Back Tour Jersey Shirt,fleetwood-mac,Music
1987 Fleetwood Mac Tango In The Night Shirt,fleetwood-mac,Music
1986 Stevie Nicks Rock A Little World Tour Shirt,fleetwood-mac,Music
1983 Fleetwood Mac Mirage Tour Jersey Shirt,fleetwood-mac,Music
1982 Fleetwood Mac Mirage Tour Jersey Shirt,fleetwood-mac,Music
1982 Fleetwood Mac Benefit City Of Hope Concert Shirt,fleetwood-mac,Music
1979 Fleetwood Mac The Tusk Tour Jersey Shirt,fleetwood-mac,Music
1979 Fleetwood Mac The Tusk Tour Jersey Shirt,fleetwood-mac,Music
1979 Fleetwood Mac The Tusk Tour Jersey Shirt,fleetwood-mac,Music
1978 Fleetwood Mac Rugby Crew Shirt,fleetwood-mac,Music
1977 Fleetwood Mac Rumors Tour Shirt,fleetwood-mac,Music
1977 Fleetwood Mac Penguin Country Safari Crew Polo Shirt,fleetwood-mac,Music
1977 Fleetwood Mac Concert Productions International Crew Shirt,fleetwood-mac,Music
1976 Fleetwood Mac Warner Brothers Promo Shirt,fleetwood-mac,Music
1970s Fleetwood Mac Warner Brothers Promo Shirt,fleetwood-mac,Music
1992 Garth Brooks No Fences Tour Crew Shirt,garth-brooks,Music
1990s Garth Brooks Shirt,garth-brooks,Music
1996 Garth Brooks Fresh Horses Tour Shirt,garth-brooks,Music
1990s Garth Brooks Thing Called Life Shirt,garth-brooks,Music
1996 Garth Brooks World Tour Shirt,garth-brooks,Music
1996 Garth Brooks World Tour Shirt,garth-brooks,Music
1996 Garth Brooks Tour Shirt,garth-brooks,Music
1995 Garth Brooks Fresh Horses Tour Shirt,garth-brooks,Music
1995 Garth Brooks Fresh Horses Tour Shirt,garth-brooks,Music
1992 Garth Brooks Shirt,garth-brooks,Music
1991 Garth Brooks Ropin The Wind Tour Shirt,garth-brooks,Music
1991 Garth Brooks Ropin The Wind Tour Shirt,garth-brooks,Music
1991 Garth Brooks Ropin The Wind Shirt,garth-brooks,Music
1990s Garth Brooks 24 Hours A Day All Over Print Shirt,garth-brooks,Music
1970s Grateful Dead Bertha Shirt,grateful-dead,Music
1993 Grateful Dead Roller Coaster Liquid Blue Shirt,grateful-dead,Music
1995 Grateful Dead Summer Tour Shirt,grateful-dead,Music
1994 Grateful Dead Tie Dye Tour Shirt,grateful-dead,Music
1990s Grateful Dead Liquid Blue Tie Dye Shirt,grateful-dead,Music
1970s Grateful Dead Bertha Shirt,grateful-dead,Music
1994 Grateful Dead Fall Tour Shirt,grateful-dead,Music
1993 Grateful Dead Roller Coaster Tie Dye Shirt,grateful-dead,Music
1993 Grateful Dead Steal Your Fractal Tie Dye Shirt,grateful-dead,Music
1990 Grateful Dead Spring Tour Tie Dye Shirt,grateful-dead,Music
1978 Grateful Dead Concert Jacket,grateful-dead,Music
1970s Grateful Dead Bertha Shirt,grateful-dead,Music
1990 Grateful Dead Chicago Dead Tour Shirt,grateful-dead,Music
1988 Grateful Dead Steal Your Face Tie Dye Shirt,grateful-dead,Music
1982 Us Festival Concert Shirt,grateful-dead,Music
1993 Grateful Dead Ship Of Fools Shirt,grateful-dead,Music
1992 Grateful Dead Summer Tour All Over Print Shirt,grateful-dead,Music
1987 Grateful Dead Space Your Face Tie Dye Shirt,grateful-dead,Music
1995 Grateful Dead Fare Thee Well Tie Dye Shirt,grateful-dead,Music
1995 Grateful Dead Summer Tour Tie Dye Shirt,grateful-dead,Music
1995 Grateful Dead Summer Tour Tie Dye Shirt,grateful-dead,Music
1991 Grateful Dead Madison Square Garden Tie Dye Shirt,grateful-dead,Music
1989 Grateful Dead Bear Shirt,grateful-dead,Music
1995 Grateful Dead Where The Wild Things Are Tour Shirt,grateful-dead,Music
1992 Grateful Dead Lithuania Tie Dye Shirt,grateful-dead,Music
1987 Grateful Dead New Years Long Sleeve Shirt,grateful-dead,Music
1990s Grateful Dead Ice Cream Liquid Blue Tie Dye Shirt,grateful-dead,Music
1991 Grateful Dead All Over Print Shirt,grateful-dead,Music
1989 Grateful Dread Tie Dye Shirt,grateful-dead,Music
1991 Grateful Dead Chinese New Year Tie Dye Concert Shirt,grateful-dead,Music
1995 Grateful Dead Bertha 30 Years Shirt,grateful-dead,Music
1987 Grateful Dead Shirt,grateful-dead,Music
1995 Grateful Dead Highgate Tie Dye Shirt,grateful-dead,Music
1993 Grateful Dead Shirt,grateful-dead,Music
1995 Grateful Dead Summer Tour Tie Dye Shirt,grateful-dead,Music
1995 Grateful Dead Summer Tour Tie Dye Shirt,grateful-dead,Music
1994 Grateful Dead Steal Your Base Shirt,grateful-dead,Music
1987 Grateful Dead Touch Of Grey Shirt,grateful-dead,Music
1978 Grateful Dead Bertha Shirt,grateful-dead,Music
1993 Grateful Dead Year Of The Rooster Concert Shirt,grateful-dead,Music
1974 Grateful Dead Mars Hotel Shirt,grateful-dead,Music
1980 Grateful Dead Go To Heaven Shirt,grateful-dead,Music
1978 Grateful Dead Winterland Concert Shirt,grateful-dead,Music
1982 Grateful Dead Fear And Loathing Tour Tie Dye Shirt,grateful-dead,Music
1978 Grateful Dead No Nukes Shirt,grateful-dead,Music
1994 Grateful Dead Summer Tour Shirt,grateful-dead,Music
1982 Grateful Dead Warfield Theatre Concert Jersey Shirt,grateful-dead,Music
1991 Grateful Dead Spring Tour Liquid Blue Tie Dye Shirt,grateful-dead,Music
1993 Grateful Dead Rise And Fall Tour Liquid Blue Tie Dye Shirt,grateful-dead,Music
2003 The Dead Tie Dye Tour Shirt,grateful-dead,Music
2000 Grateful Dead Millennium Tie Dye Shirt,grateful-dead,Music
2000 Grateful Dead Melting Face Liquid Blue Tie Dye Shirt,grateful-dead,Music
1999 Grateful Dead Cards Liquid Blue Tie Dye Shirt,grateful-dead,Music
1998 Grateful Dead Keep It Green Liquid Blue Tie Dye Shirt,grateful-dead,Music
1998 Grateful Dead Beach Tie Dye Shirt,grateful-dead,Music
1998 Grateful Dead American Beauty Liquid Blue Shirt,grateful-dead,Music
1997 Grateful Dead China Rider Liquid Blue Tie Dye Shirt,grateful-dead,Music
1996 Grateful Dead Deadcathalon Olympics Liquid Blue Tie Dye Shirt,grateful-dead,Music
1995 Grateful Dead Thirty Years Tie Dye Shirt,grateful-dead,Music
1995 Grateful Dead The Mountain Tie Dye Shirt,grateful-dead,Music
1995 Grateful Dead Joker Summer Tour Tie Dye Shirt,grateful-dead,Music
1995 Grateful Dead Joker Summer Tour Tie Dye Shirt,grateful-dead,Music
1995 Grateful Dead How Sweet It Is Tie Dye Shirt,grateful-dead,Music
1995 Grateful Dead Fare Thee Well Tie Dye Shirt,grateful-dead,Music
1995 Grateful Dead Bertha 30 Year Anniversary Shirt,grateful-dead,Music
1995 Grateful Dead 30th Anniversary Tour Liquid Blue Tie Dye Shirt,grateful-dead,Music
1995 Grateful Dead 30 Years Tie Dye Shirt,grateful-dead,Music
1995 Grateful Dead 30 Years Tie Dye Shirt,grateful-dead,Music
1995 Grateful Dead 30 Years Shirt,grateful-dead,Music
1994 Grateful Dead Tour Tie Dye Shirt,grateful-dead,Music
1994 Grateful Dead The Mountain Tie Dye Shirt,grateful-dead,Music
1994 Grateful Dead Summer Tour Shirt,grateful-dead,Music
1994 Grateful Dead Steal Your Face Tie Dye Shirt,grateful-dead,Music
1994 Grateful Dead Steal Your Base Liquid Blue Tie Dye Shirt,grateful-dead,Music
1994 Grateful Dead Steal Your Base Liquid Blue Tie Dye Shirt,grateful-dead,Music
1994 Grateful Dead Space Your Face Tie Dye Shirt,grateful-dead,Music
1994 Grateful Dead Some Are Grateful Summer Dead Tour Shirt,grateful-dead,Music
1994 Grateful Dead Fall Tour Liquid Blue Tie Dye Shirt,grateful-dead,Music
1994 Grateful Dead Bertha Oversized Print Shirt,grateful-dead,Music
1994 Grateful Dead Bertha Mountain Tie Dye Shirt,grateful-dead,Music
1993 Grateful Dead What A Long Strange Trip It's Been Shirt,grateful-dead,Music
1993 Grateful Dead Summer Tour Shirt,grateful-dead,Music
1993 Grateful Dead Ship Of Fools Tie Dye Shirt,grateful-dead,Music
1993 Grateful Dead Seasons Of The Dead Tour Shirt,grateful-dead,Music
1993 Grateful Dead Revolutionary Dead Liquid Blue Tie Dye Shirt,grateful-dead,Music
1993 Grateful Dead Rainforest Dead Liquid Blue Summer Tour Tie Dye Shirt,grateful-dead,Music
1993 Grateful Dead Hunter S Thompson Las Vegas Concert Shirt,grateful-dead,Music
1993 Grateful Dead Amusement Park Liquid Blue Tie Dye Shirt,grateful-dead,Music
1992 Grateful Dead Space Your Face Liquid Blue Tie Dye Shirt,grateful-dead,Music
1992 Grateful Dead Space Your Face Liquid Blue Tie Dye Shirt,grateful-dead,Music
1992 Grateful Dead Space Your Face Liquid Blue Shirt,grateful-dead,Music
1992 Grateful Dead Dancing Bears Tie Dye Shirt,grateful-dead,Music
1991 Grateful Dead Summer Tour Tie Dye Shirt,grateful-dead,Music
1991 Grateful Dead Summer Tour Shirt,grateful-dead,Music
1991 Grateful Dead Spring Tour Liquid Blue Tie Dye Shirt,grateful-dead,Music
1991 Grateful Dead 25 Years Air Brush Shirt,grateful-dead,Music
1990s Grateful Dead Bertha Tie Dye Shirt,grateful-dead,Music
1990 Grateful Dead Twenty Five Years Tie Dye Shirt,grateful-dead,Music
1990 Grateful Dead Symmetria Tie Dye Shirt,grateful-dead,Music
1990 Grateful Dead Playin' In The Field Tie Dye Concert Shirt,grateful-dead,Music
1990 Grateful Dead European Tour Tie Dye Shirt,grateful-dead,Music
1990 Grateful Dead Dancing Bears 25th Anniversary Tour Shirt,grateful-dead,Music
1990 Grateful Dead Bertha 20th Anniversary Shirt,grateful-dead,Music
1990 Grateful Dead 25th Anniversary Tie Dye Shirt,grateful-dead,Music
1990 Grateful Dead 25 Years Dead Tie Dye Shirt,grateful-dead,Music
1990 Grateful Dead 25 Years Dead Tie Dye Shirt,grateful-dead,Music
1988 Grateful Dead New Years Concert Tie Dye Shirt,grateful-dead,Music
1988 Grateful Dead Long Strange Trip Tour Tie Dye Shirt,grateful-dead,Music
1987 Jerry Garcia On Broadway Concert Tie Dye Shirt,grateful-dead,Music
1987 Grateful Dead Colorado Concert Shirt,grateful-dead,Music
1986 Grateful Dead Ride The Lightning Oakland Coliseum Concert Shirt,grateful-dead,Music
1984 Grateful Dead Year Of The Hare Concert Shirt,grateful-dead,Music
1983 Grateful Dead Summer Tour Shirt,grateful-dead,Music
1983 Grateful Dead Summer Tour Shirt,grateful-dead,Music
1978 Grateful Dead Stop Nuclear Power No Nukes Shirt,grateful-dead,Music
1978 Grateful Dead New Year's Eve Winterland Concert Shirt,grateful-dead,Music
1978 Grateful Dead Egypt Crew Tour Shirt,grateful-dead,Music
1978 Grateful Dead Bertha Shirt,grateful-dead,Music
1977 Grateful Dead Jersey Shirt,grateful-dead,Music
1975 Grateful Dead Winterland Concert Shirt,grateful-dead,Music
1974 Grateful Dead From The Mars Hotel Tank Top Shirt,grateful-dead,Music
1972 Grateful Dead Ice Cream Shirt,grateful-dead,Music
1970s Grateful Dead Ice Cream Shirt,grateful-dead,Music
1970s Grateful Dead Europe 72 Shirt,grateful-dead,Music
1970s Grateful Dead Blues For Allah Shirt,grateful-dead,Music
1970s Grateful Dead Bertha Tank Top Shirt,grateful-dead,Music
1970s Grateful Dead Bertha Shirt,grateful-dead,Music
1970s Grateful Dead Bertha Shirt,grateful-dead,Music
1993 Green Day Piss Flower Shirt,green-day,Music
2004 Green Day Shirt,green-day,Music
1995 Green Day Gordzilla Crew Tour Shirt,green-day,Music
2002 Green Day Pop Disaster Tour Shirt,green-day,Music
1995 Green Day Insomniac Tour Shirt,green-day,Music
1994 Woodstock Tie Dye Shirt,green-day,Music
1994 Woodstock Music Festival Tie Dye Shirt,green-day,Music
1994 Woodstock Music Festival Tie Dye Shirt,green-day,Music
1994 Woodstock Music Festival Tie Dye Shirt,green-day,Music
1994 Woodstock Music Festival Shirt,green-day,Music
1994 Woodstock Music Festival Concert Tie Dye Shirt,green-day,Music
1994 Woodstock Music And Arts Fair Tie Dye Shirt,green-day,Music
1994 Woodstock Music And Art Fair Tie Dye Shirt,green-day,Music
1994 Woodstock Music and Art Fair Tie Concert Dye Shirt,green-day,Music
1994 Woodstock Music And Art Fair Concert Tie Dye Shirt,green-day,Music
1994 Woodstock Music And Art Fair Concert Tie Dye Shirt,green-day,Music
1994 Woodstock Music And Art Fair Concert Tie Dye Shirt,green-day,Music
1994 Woodstock Music & Art Fair Tie Dye Shirt,green-day,Music
1994 Woodstock Concert Tie Dye Shirt,green-day,Music
1994 Woodstock Concert Tie Dye Shirt,green-day,Music
1994 Woodstock Concert Tie Dye Shirt,green-day,Music
1994 Woodstock Concert Shirt,green-day,Music
1994 Woodstock Concert Shirt,green-day,Music
1994 Woodstock 25th Anniversary Concert Tie Dye Shirt,green-day,Music
1994 Woodstock 2 Mores Days Of Music & Peace Tie Dye Shirt,green-day,Music
1994 Woodstock 2 Days Of Music & Peace Concert Tie Dye Shirt,green-day,Music
1994 Live 105 BFD Concert Shirt,green-day,Music
1992 Metallica Guns N Roses Shirt,guns-n-roses,Music
1988 Guns N Roses Appetite For Destruction Shirt,guns-n-roses,Music
1991 Guns N Roses Get In The Ring Tour Shirt,guns-n-roses,Music
1991 Guns N Roses Use Your Illusion Tie Dye Shirt,guns-n-roses,Music
1992 Guns N Roses Bad Apple Tour Shirt,guns-n-roses,Music
1990 Guns N Roses Skull Shirt,guns-n-roses,Music
1991 Gun N Roses Tour Shirt,guns-n-roses,Music
1991 Guns N Roses All Over Print Shirt,guns-n-roses,Music
1987 Guns N Roses Appetite For Destruction Shirt,guns-n-roses,Music
1992 Metallica Guns N Roses Tour Shirt,guns-n-roses,Music
1994 Guns N Roses Whatever It Takes World Tour Crew Shirt,guns-n-roses,Music
1980s Guns N Roses Appetite For Destruction Shirt,guns-n-roses,Music
1989 Guns N Roses Used To Love Her Shirt,guns-n-roses,Music
1991 Guns N Roses Tour Shirt,guns-n-roses,Music
1991 Guns N Roses World Tour Shirt,guns-n-roses,Music
1994 Guns N Roses Whatever It Takes World Tour Local Crew Shirt,guns-n-roses,Music
1994 Guns N Roses Whatever It Takes World Tour Crew Shirt,guns-n-roses,Music
1994 Guns N Roses Whatever It Takes World Tour Crew Shirt,guns-n-roses,Music
1994 Guns N Roses Whatever It Takes World Tour Crew Shirt,guns-n-roses,Music
1994 Guns N Roses Whatever It Takes World Tour Crew Shirt,guns-n-roses,Music
1993 Guns N Roses European Tour Shirt,guns-n-roses,Music
1992 Metallica Guns N Roses Day On The Green Staff Shirt,guns-n-roses,Music
1992 Guns N Roses Metallica Tour Crew Mock Turtleneck Long Sleeve Shirt,guns-n-roses,Music
1992 Guns N Roses Metallica Day On The Green Concert Crew Shirt,guns-n-roses,Music
1992 Guns N Roses Coma Tour Shirt,guns-n-roses,Music
1992 Bill Graham Presents Metallica & Guns N Roses Day On The Green Staff Shirt,guns-n-roses,Music
1991 Guns N Roses Use Your Illusion Tour Shirt,guns-n-roses,Music
1991 Guns N Roses Use Your Illusion Tour Shirt,guns-n-roses,Music
1991 Guns N Roses Use Your Illusion Tour Shirt,guns-n-roses,Music
1991 Guns N Roses Use Your Illusion Tour Shirt,guns-n-roses,Music
1991 Guns N Roses Use Your Illusion Tour Shirt,guns-n-roses,Music
1991 Guns N Roses Use Your Illusion Tour Crew Polo Shirt,guns-n-roses,Music
1991 Guns N Roses Get In The Riot Mother Fucker Tour Shirt,guns-n-roses,Music
1990s Guns N Roses Shirt,guns-n-roses,Music
1990s Guns N Roses Outlaw Shirt,guns-n-roses,Music
1990s Guns N Roses Long Sleeve Crew Tour Shirt,guns-n-roses,Music
1989 Guns N Roses Was Here Shirt,guns-n-roses,Music
1989 Guns N Roses Stoned In LA Shirt,guns-n-roses,Music
1988 Guns N Roses Australia Tour Crew Shirt,guns-n-roses,Music
1988 Guns N Roses Appetite For Destruction Shirt,guns-n-roses,Music
1988 Guns N Roses Appetite For Destruction Shirt,guns-n-roses,Music
1988 Guns N Roses Appetite For Destruction Japan Tour Shirt,guns-n-roses,Music
1988 Guns N Roses Appetite For Destruction Australian Tour Shirt,guns-n-roses,Music
1987 Guns N Roses Was Here Tour Shirt,guns-n-roses,Music
1987 Guns N Roses Was Here Shirt,guns-n-roses,Music
1987 Guns N Roses Was Here Appetite For Destruction Shirt,guns-n-roses,Music
1987 Guns N Roses Symmetria Tie Dye Shirt,guns-n-roses,Music
1987 Guns N Roses Symmetria Tie Dye Shirt,guns-n-roses,Music
1987 Guns N Roses Robert Williams Tour Shirt,guns-n-roses,Music
1987 Guns N Roses Appetite For Destruction Tour Shirt,guns-n-roses,Music
1987 Guns N Roses Appetite For Destruction Tour Shirt,guns-n-roses,Music
1987 Guns N Roses Appetite For Destruction Shirt,guns-n-roses,Music
1987 Guns N Roses Appetite For Destruction Shirt,guns-n-roses,Music
1987 Guns N Roses Appetite For Destruction Shirt,guns-n-roses,Music
1980s Guns N Roses Appetite For Destruction Shirt,guns-n-roses,Music
1986 Iron Maiden Somewhere In Time Shirt,iron-maiden,Music
1988 Iron Maiden Can I Play With Madness Shirt,iron-maiden,Music
1982 Summer Strut Concert Jersey Shirt,iron-maiden,Music
1985 Iron Maiden World Slavery Tour Sleeveless Shirt,iron-maiden,Music
1988 Iron Maiden Clairvoyant Shirt,iron-maiden,Music
1987 Iron Maiden Somewhere On Tour Shirt,iron-maiden,Music
2003 Iron Maiden Dance Of Death World Tour Shirt,iron-maiden,Music
2003 Iron Maiden Dance Of Death World Tour Shirt,iron-maiden,Music
1997 Iron Maiden Monsters Of Rock Tie Dye Concert Shirt,iron-maiden,Music
1991 Iron Maiden No Prayer On The Road Tour Shirt,iron-maiden,Music
1990 Iron Maiden The Holy Smokers Concert Shirt,iron-maiden,Music
1990 Iron Maiden Shoot The Fukker No Prayer Tour Shirt,iron-maiden,Music
1990 Iron Maiden Holy Smokers Secret Show Shirt,iron-maiden,Music
1990 Iron Maiden A Real Live One Shirt,iron-maiden,Music
1988 Iron Maiden Can I Play With Madness Tour Shirt,iron-maiden,Music
1987 Iron Maiden Stranger In A Strange Land Jersey Shirt,iron-maiden,Music
1987 Iron Maiden Stranger In A Strange Land Jersey Shirt,iron-maiden,Music
1987 Iron Maiden California Tour Jersey Shirt,iron-maiden,Music
1985 Iron Maiden Powerslave World Slavery Tour Shirt,iron-maiden,Music
1985 Iron Maiden 4th Of July Concert Jersey Shirt,iron-maiden,Music
1984 Iron Maiden Canadian Slavery Tour Shirt,iron-maiden,Music
1983 Iron Maiden World Piece Tour Jersey Shirt,iron-maiden,Music
1982 Superfest Buffalo New York Concert Shirt,iron-maiden,Music
1982 Iron Maiden Killer World Tour Shirt,iron-maiden,Music
1981 Iron Maiden Sweden Concert Shirt,iron-maiden,Music
1981 Iron Maiden Killer European Tour Shirt,iron-maiden,Music
1980 Iron Maiden Women In Uniform Tour Shirt,iron-maiden,Music
1980 Iron Maiden Shirt,iron-maiden,Music
1980 Iron Maiden British Tour Shirt,iron-maiden,Music
1998 Jimi Hendrix Experience BBC Sessions Shirt,jimi-hendrix,Music
1994 Jimi Hendrix All Over Print Shirt,jimi-hendrix,Music
1990s Jimi Hendrix Experience Shirt,jimi-hendrix,Music
1990s Jimi Hendrix Experience Winterland Shirt,jimi-hendrix,Music
1980s Jimi Hendrix Tie Dye Shirt,jimi-hendrix,Music
1970s Jimi Hendrix Winterland Shirt,jimi-hendrix,Music
1975 Jimi Hendrix Crash Landing Promo Long Sleeve Shirt,jimi-hendrix,Music
1970s Jimi Hendrix Fillmore Winterland Tie Dye Shirt,jimi-hendrix,Music
2002 Jimi Hendrix Experience Are You Experienced Tie Dye Shirt,jimi-hendrix,Music
2000 Jimi Hendrix Experience Tie Dye Shirt,jimi-hendrix,Music
2000 Jimi Hendrix Experience Are You Experienced Tie Dye Shirt,jimi-hendrix,Music
1997 Jimi Hendrix Tie Dye Shirt,jimi-hendrix,Music
1997 Jimi Hendrix Tie Dye Shirt,jimi-hendrix,Music
1997 Jimi Hendrix Tie Dye Shirt,jimi-hendrix,Music
1997 Jimi Hendrix Crying Blue Rain Tie Dye Shirt,jimi-hendrix,Music
1994 Jimi Hendrix Experience Shirt,jimi-hendrix,Music
1990s Jimi Hendrix Experience Tie Dye Shirt,jimi-hendrix,Music
1990s Jimi Hendrix Experience Tie Dye Shirt,jimi-hendrix,Music
1990s Jimi Hendrix Experience Tie Dye Shirt,jimi-hendrix,Music
1990s Jimi Hendrix Experience Live At Winterland Shirt,jimi-hendrix,Music
1970s Jimi Hendrix Winterland Shirt,jimi-hendrix,Music
1992 Jimmy Buffett Crew Tour Shirt,jimmy-buffett,Music
1995 Jimmy Buffett Domino College Summer Session Shirt,jimmy-buffett,Music
1994 Jimmy Buffett Fruitcakes On Tour Shirt,jimmy-buffett,Music
1982 Us Festival Concert Shirt,jimmy-buffett,Music
1998 Jimmy Buffett Carnival Tour Shirt,jimmy-buffett,Music
1998 Jimmy Buffett Carnival Tour Long Sleeve Shirt,jimmy-buffett,Music
1998 Jimmy Buffett Carnival Tour Long Sleeve Shirt,jimmy-buffett,Music
1996 Jimmy Buffett Carnival Tour Long Sleeve Shirt,jimmy-buffett,Music
1996 Jimmy Buffett Carnival Tour Long Sleeve Shirt,jimmy-buffett,Music
1986 Jimmy Buffett Super Bowl Dance Party Shirt,jimmy-buffett,Music
1998 Jimmy Page Robert Plant Walking Into Clarksdale Tour Shirt,jimmy-page,Music
1995 Jimmy Page Robert Plant No Quarter Shirt,jimmy-page,Music
1998 Jimmy Page Robert Plant Tour Shirt,jimmy-page,Music
1988 Jimmy Page Robert Plant Non Stop Go Tour Shirt,jimmy-page,Music
1998 Jimmy Page Robert Plant Walking Into Clarksdale Tour Shirt,jimmy-page,Music
1995 Jimmy Page Robert Plant Zoso Tour Shirt,jimmy-page,Music
1988 Huey Lewis Jimmy Page Concert Shirt,jimmy-page,Music
1995 Jimmy Page Robert Plant Zoso Tour shirt,jimmy-page,Music
1995 Jimmy Page & Robert Plant Zoso Tour Shirt,jimmy-page,Music
1998 Jimmy Page Robert Plant Zoso Tour Tie Dye Shirt,jimmy-page,Music
1998 Robert Plant Jimmy Page Zoso Tie Dye Tour Shirt,jimmy-page,Music
1998 Jimmy Page Robert Plant Zoso US Tour Tie Dye Shirt,jimmy-page,Music
1998 Jimmy Page Robert Plant Zoso Tour Tie Dye Shirt,jimmy-page,Music
1998 Jimmy Page Robert Plant Zoso Tie Dye Tour Shirt,jimmy-page,Music
1998 Jimmy Page Robert Plant Walking Into Everywhere Tour Shirt,jimmy-page,Music
1998 Jimmy Page Robert Plant Walking Into Clarksdale Tour Shirt,jimmy-page,Music
1998 Jimmy Page & Robert Plant Zoso World Tour Tie Dye Shirt,jimmy-page,Music
1998 Jimmy Page & Robert Plant World Tour Shirt,jimmy-page,Music
1998 Jimmy Page & Robert Plant Walking Into Everywhere Tour Shirt,jimmy-page,Music
1998 Jimmy Page & Robert Plant Walking Into Clarksdale Tour Shirt,jimmy-page,Music
1995 Jimmy Page Robert Plant Zoso Tour Shirt,jimmy-page,Music
1995 Jimmy Page Robert Plant Zoso Tour All Over Shirt,jimmy-page,Music
1995 Jimmy Page Robert Plant Zoso All Over Print Shirt,jimmy-page,Music
1995 Jimmy Page Robert Plant World Tour All Over Print Shirt,jimmy-page,Music
1995 Jimmy Page Robert Plant World Tour All Over Print Shirt,jimmy-page,Music
1995 Jimmy Page Robert Plant No Quarter World Tour Shirt,jimmy-page,Music
1995 Jimmy Page Robert Plant No Quarter Tour Shirt,jimmy-page,Music
1995 Jimmy Page Robert Plant No Quarter Tour Shirt,jimmy-page,Music
1995 Jimmy Page Robert Plant No Quarter Tour Shirt,jimmy-page,Music
1995 Jimmy Page Robert Plant No Quarter Tie Dye Tour Shirt,jimmy-page,Music
1995 Jimmy Page & Robert Plant Zoso Tour Shirt,jimmy-page,Music
1995 Jimmy Page & Robert Plant No Quarter World Tour Shirt,jimmy-page,Music
1988 Jimmy Page Tie Dye Shirt,jimmy-page,Music
1988 Jimmy Page Tie Dye Shirt,jimmy-page,Music
1980s John Lennon Self Portrait Shirt,john-lennon,Music
1995 Working Class Hero A Tribute To John Lennon Shirt,john-lennon,Music
1990s Nike John Lennon Instant Karma Gonna Get You Shirt,john-lennon,Music
1990s John Lennon Memorial Shirt,john-lennon,Music
1990s John Lennon Bleach Print Shirt,john-lennon,Music
1999 Three Stooges Curly John Lennon Shirt,john-lennon,Music
1998 John Lennon Imagine New York City Shirt,john-lennon,Music
1997 John Lennon Shirt,john-lennon,Music
1996 John Lennon New York City Shirt,john-lennon,Music
1990s John Lennon Rock N Roll You Shoulda Been There Shirt,john-lennon,Music
1990s John Lennon Imagine Shirt,john-lennon,Music
1990s John Lennon Bleach Print Shirt,john-lennon,Music
1980s John Lennon Shirt,john-lennon,Music
1980s John Lennon Imagine Shirt,john-lennon,Music
1980 John Lennon Yoko Ono Double Fantasy Promo Shirt,john-lennon,Music
1980 John Lennon Yoko Ono Double Fantasy Promo Shirt,john-lennon,Music
1980 John Lennon His Music Lives Forever Shirt,john-lennon,Music
1980 John Lennon His Music Lives Forever Memorial Shirt,john-lennon,Music
1979 Journey Evolution Jersey Shirt,journey,Music
1979 Journey Evolution Shirt,journey,Music
1980 Journey Departure Jersey Shirt,journey,Music
1979 Journey Cobo Arena Concert Shirt,journey,Music
1980 Journey Alpine Valley Concert Jersey Shirt,journey,Music
2001 Journey Arrival Tour Shirt,journey,Music
1983 Journey World Tour Jersey Shirt,journey,Music
1983 Journey Frontiers World Tour Jersey Shirt,journey,Music
1983 Journey Florida Jam Tour Jersey Shirt,journey,Music
1981 Journey Escape Tour Jersey Shirt,journey,Music
1981 Journey Escape Tour Jersey Shirt,journey,Music
1979 The Loop's Day In The Park Thin Lizzy Concert Shirt,journey,Music
1998 Kiss Psycho Circus Halloween Tour Shirt,kiss,Music
1988 Kiss We Went Crazy With Kiss Shirt,kiss,Music
1996 Kiss Reunion Tour Tie Dye Shirt,kiss,Music
1984 Kiss Animalize Hooded Long Sleeve Shirt,kiss,Music
1985 Kiss Animalize Tour Jersey Shirt,kiss,Music
1997 Kiss Destroyer Tie Dye Shirt,kiss,Music
1987 Kiss I Went Crazy With Kiss Tour Shirt,kiss,Music
1980 Kiss Shirt,kiss,Music
1987 Kiss Gene Simmons Dirty Job Shirt,kiss,Music
1984 Kiss Rocks Texas Concert Shirt,kiss,Music
1978 Kiss Gene Simmons Shirt,kiss,Music
1984 Kiss Animalize Sleeveless Sweatshirt,kiss,Music
1996 Kiss Alive Worldwide Local Crew Concert Shirt,kiss,Music
2003 Kiss Kustom Shop Tour Shirt,kiss,Music
2000 Kiss Kissonline.com Shirt,kiss,Music
1997 Kiss Destroyer Tie Dye Shirt,kiss,Music
1996 Kiss Reunited & Rockin Tour Tie Dye Shirt,kiss,Music
1996 Kiss Army Shirt,kiss,Music
1992 Kiss Revenge Shirt,kiss,Music
1990 Kiss Hot In The Shade Team Sphinx Shirt,kiss,Music
1990 Kiss Hot In The Shade Shirt,kiss,Music
1988 Kiss Crazy Nights Tour Shirt,kiss,Music
1984 Kiss Rocks Texas Shirt,kiss,Music
1983 Kiss Creatures Of The Night Tour Shirt,kiss,Music
1982 Kiss I Went Crazy With Kiss Shirt,kiss,Music
1982 Kiss 10th Anniversary Tour Jersey Shirt,kiss,Music
1980s Kiss Hotter Than Hell Shirt,kiss,Music
1978 Kiss Shirt,kiss,Music
1970s Kiss Iron On Graphic Shirt,kiss,Music
1997 Lollapalooza Tour Shirt,korn,Music
1998 Korn Shirt,korn,Music
1997 Korn Stripe Sleeves Shirt,korn,Music
1990s Korn Neidermayer's Mind Shirt,korn,Music
1995 Korn Spanking Shirt,korn,Music
1998 Korn Follow The Leader Shirt,korn,Music
2000 Metallica Summer Sanitarium Tour Shirt,korn,Music
2000 Korn Sick & Twisted Tour Shirt,korn,Music
2000 Korn Sick & Twisted Tour Shirt,korn,Music
2000 Korn Shirt,korn,Music
2000 Korn Issues Shirt,korn,Music
1999 Woodstock Concert Shirt,korn,Music
1997 Lollapalooza Tour Stu & Ted's Excellent Adventure Shirt,korn,Music
1996 Korn Shirt,korn,Music
1970s Led Zeppelin Shirt,led-zeppelin,Music
1970s Led Zeppelin Shirt,led-zeppelin,Music
1980s John Bonham Led Zeppelin Shirt,led-zeppelin,Music
1977 Led Zeppelin United States Of America Tour Shirt,led-zeppelin,Music
1994 Led Zeppelin Over The Hills Shirt,led-zeppelin,Music
1977 Led Zeppelin Tour Shirt,led-zeppelin,Music
1979 Led Zeppelin Rules America Shirt,led-zeppelin,Music
1999 Led Zeppelin Hammer Of The Gods Shirt,led-zeppelin,Music
1970s Led Zeppelin Shirt,led-zeppelin,Music
1970s Led Zeppelin Shirt,led-zeppelin,Music
1990s Led Zeppelin Swan Song Tie Dye Shirt,led-zeppelin,Music
1990 Led Zeppelin Crop Circles Shirt,led-zeppelin,Music
1977 Led Zeppelin Tour Shirt,led-zeppelin,Music
1990s Led Zeppelin Swan Song Tie Dye Shirt,led-zeppelin,Music
1979 Led Zeppelin Knebworth Concert Shirt,led-zeppelin,Music
1977 Led Zeppelin Concerts West Crew Tour Shirt,led-zeppelin,Music
1980s Led Zeppelin In Concert And Beyond Shirt,led-zeppelin,Music
1995 Led Zeppelin Swan Song Shirt,led-zeppelin,Music
2000 Led Zeppelin Shirt,led-zeppelin,Music
1999 Led Zeppelin Hammer Of The Gods Shirt,led-zeppelin,Music
1995 Led Zeppelin Zoso Winterland Shirt,led-zeppelin,Music
1995 Led Zeppelin Zoso Shirt,led-zeppelin,Music
1995 Led Zeppelin Winterland Shirt,led-zeppelin,Music
1995 Led Zeppelin Swan Song Shirt,led-zeppelin,Music
1995 Led Zeppelin Shirt,led-zeppelin,Music
1994 Led Zeppelin ZOSO Winterland Shirt,led-zeppelin,Music
1994 Led Zeppelin Zoso Winterland Shirt,led-zeppelin,Music
1994 Led Zeppelin Shirt,led-zeppelin,Music
1990s Led Zeppelin Winterland Tie Dye Shirt,led-zeppelin,Music
1990s Led Zeppelin Tie Dye Shirt,led-zeppelin,Music
1990s Led Zeppelin Tie Dye Shirt,led-zeppelin,Music
1990s Led Zeppelin Hermit Shirt,led-zeppelin,Music
1990s Led Zeppelin Hammer Of The Gods Long Sleeve Shirt,led-zeppelin,Music
1990s Led Zeppelin Bleach Print Shirt,led-zeppelin,Music
1990 Led Zeppelin Shirt,led-zeppelin,Music
1988 Led Zeppelin Physical Graffiti Shirt,led-zeppelin,Music
1984 Led Zeppelin Tie Dye Shirt,led-zeppelin,Music
1980s Led Zeppelin Shirt,led-zeppelin,Music
1980s Led Zeppelin Houses Of The Holy Shirt,led-zeppelin,Music
1980 Led Zeppelin Over Europe Tour Shirt,led-zeppelin,Music
1980 Led Zeppelin Over Europe Tour Shirt,led-zeppelin,Music
1980 Led Zeppelin Over Europe Final Tour Shirt,led-zeppelin,Music
1979 Led Zeppelin In Through The Out Door Shirt,led-zeppelin,Music
1975 Led Zeppelin North American Tour Jersey Shirt,led-zeppelin,Music
1970s Led Zeppelin Tie Dye Shirt,led-zeppelin,Music
1970s Led Zeppelin Swan Song Tie Dye Shirt,led-zeppelin,Music
1970s Led Zeppelin Swan Song Shirt,led-zeppelin,Music
1970s Led Zeppelin Shirt,led-zeppelin,Music
1997 Lollapalooza Tour Shirt,lollapalooza,Music
1994 Lollapalooza Tour Shirt,lollapalooza,Music
1996 Lollapalooza Tour Shirt,lollapalooza,Music
1993 Lollapalooza Tour Shirt,lollapalooza,Music
1993 Lollapalooza Festival Tour Shirt,lollapalooza,Music
1992 Lollapalooza Red Hot Chili Peppers Concert Shirt,lollapalooza,Music
1996 Lollapalooza Summer Of Noise Concert Shirt,lollapalooza,Music
1993 Lollapalooza Festival Tour Shirt,lollapalooza,Music
1992 Lollapalooza Concert Shirt,lollapalooza,Music
1993 Lollapalooza Concert Shirt,lollapalooza,Music
1997 Lollapalooza Tour Stu & Ted's Excellent Adventure Shirt,lollapalooza,Music
1996 Lollapalooza Metallica Loadapaloozas Crew Concert Shirt,lollapalooza,Music
1996 Lollapalooza Concert Shirt,lollapalooza,Music
1994 Lollapalooza Tour Shirt,lollapalooza,Music
1994 Lollapalooza Tour Shirt,lollapalooza,Music
1994 Lollapalooza Tour Shirt,lollapalooza,Music
1994 Lollapalooza Tour Shirt,lollapalooza,Music
1994 Lollapalooza Tour Shirt,lollapalooza,Music
1994 Lollapalooza Concert Shirt,lollapalooza,Music
1994 Lollapalooza Music Festival Tour Shirt,lollapalooza,Music
1994 Lollapalooza Concert Shirt,lollapalooza,Music
1993 Lollapalooza Tour Shirt,lollapalooza,Music
1990 Madonna Blond Ambition Tour Shirt,madonna,Music
1985 Madonna Like A Virgin Shirt,madonna,Music
1985 Madonna Like A Virgin Shirt,madonna,Music
1987 Madonna Who's That Girl World Tour Shirt,madonna,Music
2004 Madonna Everybody Is A Star Shirt,madonna,Music
1980s Madonna Emasculated Shirt,madonna,Music
1985 Madonna Like A Virgin Shirt,madonna,Music
1985 Live Aid This Shirt Saves Lives Shirt,madonna,Music
1990 Madonna Strike A Pose Vogue Shirt,madonna,Music
1985 Live Aid Philadelphia Concert Shirt,madonna,Music
1987 Madonna Who's That Girl Tour Shirt,madonna,Music
1993 Madonna Girlie Show Shirt,madonna,Music
1990 Madonna Blond Ambition Shirt,madonna,Music
1987 Madonna Who's That Girl World Tour Shirt,madonna,Music
1987 Madonna Who's That Girl World Tour Shirt,madonna,Music
1987 Madonna Who's That Girl World Tour Shirt,madonna,Music
1987 Madonna Who's That Girl World Tour Shirt,madonna,Music
1994 Marilyn Manson Kill God Shirt,marilyn-manson,Music
1994 Marilyn Manson Long Sleeve Shirt,marilyn-manson,Music
1990s Marilyn Manson Shirt,marilyn-manson,Music
1997 Marilyn Manson Antichrist Superstar Tour Shirt,marilyn-manson,Music
2000 Marilyn Manson Gods Guns Government Crew Tour Shirt,marilyn-manson,Music
1994 Marilyn Manson God Of Fuck Shirt,marilyn-manson,Music
1996 Marilyn Manson Antichrist Superstar Local Crew Shirt,marilyn-manson,Music
1997 Ozzfest Ozzy Osbourne Tour Shirt,marilyn-manson,Music
1994 Marilyn Manson Beware Of God Shirt,marilyn-manson,Music
2000 Marilyn Manson Emperor Shirt,marilyn-manson,Music
2000 Marilyn Manson Adult Entertainment Shirt,marilyn-manson,Music
1997 Ozzy Osbourne Ozzfest Tour Shirt,marilyn-manson,Music
1997 Ozzy Osbourne Ozzfest Tour Shirt,marilyn-manson,Music
1997 Ozzy Osbourne Ozzfest Concert Shirt,marilyn-manson,Music
1997 Ozzy Osbourne Ozzfest Shirt,marilyn-manson,Music
1997 Ozzy Osbourne Ozzfest Concert Shirt,marilyn-manson,Music
1997 Marilyn Manson Fish Shirt,marilyn-manson,Music
1997 Marilyn Manson Antichrist By Choice Shirt,marilyn-manson,Music
1996 Marilyn Manson The End Shirt,marilyn-manson,Music
1996 Marilyn Manson Beautiful People Antichrist Superstar Shirt,marilyn-manson,Music
1990s Ozzy Osbourne Ozzfest Shirt,marilyn-manson,Music
1990s Marilyn Manson Shirt,marilyn-manson,Music
1990s Marilyn Manson Got Violence Shirt,marilyn-manson,Music
1989 Metallica One Pushead Shirt,metallica,Music
1987 Metallica Crash Course In Brain Surgery Shirt,metallica,Music
1991 Metallica Enter Sandman Tour Shirt,metallica,Music
1991 Metallica Enter Sandman Tour Shirt,metallica,Music
1991 Metallica Enter Sandman Tour Shirt,metallica,Music
1991 Metallica Enter Sandman Tour Shirt,metallica,Music
1987 Metallica Crash Course In Brain Surgery Shirt,metallica,Music
1992 Metallica Guns N Roses Shirt,metallica,Music
1992 Metallica Wherever I May Roam Shirt,metallica,Music
1991 Metallica Enter Sandman Tour Shirt,metallica,Music
1990s Metallica Kill Em All Shirt,metallica,Music
1999 Metallica Last Tour Of The Millennium Shirt,metallica,Music
1989 Metallica Doris And Justice For All Shirt,metallica,Music
1988 Metallica Shortest Straw Shirt,metallica,Music
1983 Metallica Raven Kill Em All For One Tour Shirt,metallica,Music
1999 Metallica Metallihead Living To Win Shirt,metallica,Music
1980s Metallica Crash Course In Brain Surgery Shirt,metallica,Music
1988 Metallica And Justice For All Shirt,metallica,Music
1991 Metallica Historic Dates Tour Shirt,metallica,Music
1988 Metallica Shortest Straw Pushead Shirt,metallica,Music
1991 Metallica Sad But True Tour Shirt,metallica,Music
1988 Metallica And Justice For All Shirt,metallica,Music
1994 Metallica Zorlac Tour Shirt,metallica,Music
1992 Metallica Guns N Roses Tour Shirt,metallica,Music
1992 Metallica Unforgiven Pushead Shirt,metallica,Music
1991 Metallica Local Crew Tour Shirt,metallica,Music
1991 Metallica All Over Print Shirt,metallica,Music
1991 Metallica Day On The Green Concert Shirt,metallica,Music
1984 Breaking Sound Festival Shirt,metallica,Music
1980s Metallica Damage Inc Tour Shirt,metallica,Music
1980s Metallica Metallicats Shirt,metallica,Music
1984 Breaking Sound Festival Shirt,metallica,Music
1996 Lollapalooza Summer Of Noise Concert Shirt,metallica,Music
1988 Metallica Damage Inc Tour Shirt,metallica,Music
1980s Metallica Shortest Straw Shirt,metallica,Music
1985 Metallica Kill Em All Shirt,metallica,Music
1991 Metallica Don't Tread On Me Shirt,metallica,Music
1986 Metallica Damage Inc Tour Shirt,metallica,Music
1980s Metallica Damage Inc Tour Shirt,metallica,Music
2003 Metallica Jersey Shirt,metallica,Music
2003 Metallica Headbangers Shirt,metallica,Music
2000 Metallica Summer Sanitarium Tour Shirt,metallica,Music
2000 Metallica Summer Sanitarium Tour Shirt,metallica,Music
1999 Woodstock Concert Shirt,metallica,Music
1999 Metallica Tour Shirt,metallica,Music
1997 Metallica Blind Man's Ball Concert Shirt,metallica,Music
1996 Lollapalooza Metallica Loadapaloozas Crew Concert Shirt,metallica,Music
1996 Lollapalooza Concert Shirt,metallica,Music
1995 Metallica Donnington Park Concert Shirt,metallica,Music
1994 Woodstock Tie Dye Shirt,metallica,Music
1994 Woodstock Music Festival Tie Dye Shirt,metallica,Music
1994 Woodstock Music Festival Tie Dye Shirt,metallica,Music
1994 Woodstock Music Festival Tie Dye Shirt,metallica,Music
1994 Woodstock Music Festival Shirt,metallica,Music
1994 Woodstock Music Festival Concert Tie Dye Shirt,metallica,Music
1994 Woodstock Music And Arts Fair Tie Dye Shirt,metallica,Music
1994 Woodstock Music And Art Fair Tie Dye Shirt,metallica,Music
1994 Woodstock Music and Art Fair Tie Concert Dye Shirt,metallica,Music
1994 Woodstock Music And Art Fair Concert Tie Dye Shirt,metallica,Music
1994 Woodstock Music And Art Fair Concert Tie Dye Shirt,metallica,Music
1994 Woodstock Music And Art Fair Concert Tie Dye Shirt,metallica,Music
1994 Woodstock Music & Art Fair Tie Dye Shirt,metallica,Music
1994 Woodstock Concert Tie Dye Shirt,metallica,Music
1994 Woodstock Concert Tie Dye Shirt,metallica,Music
1994 Woodstock Concert Tie Dye Shirt,metallica,Music
1994 Woodstock Concert Shirt,metallica,Music
1994 Woodstock Concert Shirt,metallica,Music
1994 Woodstock 25th Anniversary Concert Tie Dye Shirt,metallica,Music
1994 Woodstock 2 Mores Days Of Music & Peace Tie Dye Shirt,metallica,Music
1994 Woodstock 2 Days Of Music & Peace Concert Tie Dye Shirt,metallica,Music
1994 Metallica Who Gives A Shirt Summer Tour Crew Shirt,metallica,Music
1994 Metallica Wherever I May Roam Shirt,metallica,Music
1994 Metallica So Dub Thee Unforgiven Shirt,metallica,Music
1994 Metallica New Blood Joins This Earth Shirt,metallica,Music
1994 Metallica Metallicrew Who Gives A Shit Crew Tour Shirt,metallica,Music
1994 Metallica I'm Inside You Pushead Shirt,metallica,Music
1994 Lollapalooza Concert Shirt,metallica,Music
1993 Metallica Eagle Pushead Shirt,metallica,Music
1992 Metallica Wherever I May Roam Shirt,metallica,Music
1992 Metallica Wherever I May Roam Pushead Shirt,metallica,Music
1992 Metallica Guns N Roses Day On The Green Staff Shirt,metallica,Music
1992 Guns N Roses Metallica Tour Crew Mock Turtleneck Long Sleeve Shirt,metallica,Music
1992 Guns N Roses Metallica Day On The Green Concert Crew Shirt,metallica,Music
1992 Bill Graham Presents Metallica & Guns N Roses Day On The Green Staff Shirt,metallica,Music
1990s Metallica Language Of The Mad Tie Dye Shirt,metallica,Music
1989 Metallica Ride The Lightning Kill Em All Shirt,metallica,Music
1989 Metallica And Justice For All Tour Shirt,metallica,Music
1988 Metallica Shortest Straw Pushead Shirt,metallica,Music
1988 Metallica Damaged Justice Shirt,metallica,Music
1987 Metallica Metal Up Your Ass Shirt,metallica,Music
1987 Metallica Damage Inc Tour Shirt,metallica,Music
1985 Metallica Metal Up Your Ass Glow In The Dark Shirt,metallica,Music
1984 Michael Jackson Victory Tour Sleeveless Shirt,michael-jackson,Music
1984 Michael Jackson Victory Tour Jersey Shirt,michael-jackson,Music
1980s Michael Jackson Shirt,michael-jackson,Music
1984 Michael Jackson Beat It Shirt,michael-jackson,Music
1988 Michael Jackson Bad Tour Shirt,michael-jackson,Music
1980s Michael Jackson Rhinestone Shirt,michael-jackson,Music
1988 Michael Jackson Bad Tour Shirt,michael-jackson,Music
1984 Michael Jackson Victory Tour Jersey Shirt,michael-jackson,Music
1984 Michael Jackson Victory Tour Jersey Shirt,michael-jackson,Music
1984 Michael Jackson Beat It Shirt,michael-jackson,Music
1988 Michael Jackson Bad Tour Shirt,michael-jackson,Music
1984 Michael Jackson Sparkly Glove Shirt,michael-jackson,Music
1984 Michael Jackson Sparkling Glove Shirt,michael-jackson,Music
1984 Michael Jackson Kansas City Concert Shirt,michael-jackson,Music
1984 Michael Jackson Glitter Glove Shirt,michael-jackson,Music
1984 Michael Jackson Beat It Shirt,michael-jackson,Music
1984 Michael Jackson Beat It Shirt,michael-jackson,Music
1984 Michael Jackson Thriller Jersey Shirt,michael-jackson,Music
1984 Michael Jackson Kansas City Tour Shirt,michael-jackson,Music
1984 Michael Jackson Victory Tour Jersey Shirt,michael-jackson,Music
1988 Michael Jackson Bad Sweatshirt,michael-jackson,Music
1983 Michael Jackson Thriller Shirt,michael-jackson,Music
1984 Michael Jackson Victory Tour Sleeveless Shirt,michael-jackson,Music
1970s The Jacksons Sweatshirt,michael-jackson,Music
1986 Michael Jackson Captain EO Disneyland Shirt,michael-jackson,Music
1984 The Jacksons Victory Tour Shirt,michael-jackson,Music
1992 Michael Jackson Dangerous World Tour Shirt,michael-jackson,Music
1992 Michael Jackson Dangerous Tour Shirt,michael-jackson,Music
1988 Michael Jackson Bad Tour Shirt,michael-jackson,Music
1984 Michael Jackson Victory Tour Sleeveless Shirt,michael-jackson,Music
1984 Michael Jackson Victory Tour Sleeveless Shirt,michael-jackson,Music
1984 Michael Jackson Victory Tour Sleeveless Shirt,michael-jackson,Music
1984 Michael Jackson Victory Tour Jersey Shirt,michael-jackson,Music
1984 Michael Jackson Victory Tour Jersey Shirt,michael-jackson,Music
1984 Michael Jackson Victory Tour Jersey Shirt,michael-jackson,Music
1984 Michael Jackson Victory Tour Jersey Shirt,michael-jackson,Music
1984 Michael Jackson Victory Tour Jersey Shirt,michael-jackson,Music
1984 Michael Jackson Thriller Shirt,michael-jackson,Music
1984 Michael Jackson Thriller Shirt,michael-jackson,Music
1984 Michael Jackson Thriller Shirt,michael-jackson,Music
1984 Michael Jackson Thriller Shirt,michael-jackson,Music
1984 Michael Jackson Sparkly Glove Shirt,michael-jackson,Music
1984 Michael Jackson Sparkly Glove Shirt,michael-jackson,Music
1984 Michael Jackson Kansas City Concert Shirt,michael-jackson,Music
1984 Michael Jackson Kansas City Concert Shirt,michael-jackson,Music
1984 Michael Jackson Kansas City Concert Shirt,michael-jackson,Music
1984 Michael Jackson Beat It Shirt,michael-jackson,Music
1984 Michael Jackson Beat It Shirt,michael-jackson,Music
1984 Jacksons Victory Tour Pyro Crew Shirt,michael-jackson,Music
1982 Michael Jackson Thriller Shirt,michael-jackson,Music
1980s Michael Jackson Thriller Sleeveless Shirt,michael-jackson,Music
1985 Motley Crue Theatre Of Pain Tour Shirt,motley-crue,Music
1984 Motley Crue Shout At The Devil Sleeveless Shirt,motley-crue,Music
1990s Motley Crue Dr Feelgood Shirt,motley-crue,Music
1980s Motley Crue Symmetria Tie Dye Shirt,motley-crue,Music
1987 Motley Crue Girls Girls Girls Hollywood Shirt,motley-crue,Music
1989 Motley Crue Dr Feelgood Tour Shirt,motley-crue,Music
2000 Motley Crue Maximum Rock Tour Shirt,motley-crue,Music
1985 Motley Crue Theatre Of Pain Shirt,motley-crue,Music
1989 Motley Crue Dr Feelgood Shirt,motley-crue,Music
1985 Motley Crue Theatre Of Pain Shirt,motley-crue,Music
1983 Motley Crue Shirt,motley-crue,Music
1989 Motley Crue Kick Start My Heart Shirt,motley-crue,Music
1989 Motley Crue Dr Feelgood Local Crew Tour Shirt,motley-crue,Music
1983 Us Festival Concert Shirt,motley-crue,Music
1983 Us Festival Concert Shirt,motley-crue,Music
1985 Motley Crue Theatre Of Pain World Tour Shirt,motley-crue,Music
1985 Motley Crue Pain Killers Shirt,motley-crue,Music
1980s Motley Crue Too Crued Shirt,motley-crue,Music
1986 Motley Crue Wrecking Crue Tour Shirt,motley-crue,Music
1997 Motley Crue Generation Swine Shirt,motley-crue,Music
1990 Motley Crue Dr Feelgood Tour Shirt,motley-crue,Music
1989 Motley Crue Tour Local Crew Shirt,motley-crue,Music
1989 Motley Crue Dr Feelgood Tour Shirt,motley-crue,Music
1989 Motley Crue Dr Feelgood Tour Shirt,motley-crue,Music
1989 Motley Crue Dr Feelgood Tour Shirt,motley-crue,Music
1989 Motley Crue Dr Feelgood Tour Shirt,motley-crue,Music
1989 Motley Crue Dr Feelgood Tour Shirt,motley-crue,Music
1985 Motley Crue Theatre Of Pain World Tour Shirt,motley-crue,Music
1983 Us Festival Concert Shirt,motley-crue,Music
1983 Us Festival Concert Shirt,motley-crue,Music
1983 Us Festival Concert Shirt,motley-crue,Music
1983 Us Festival Concert Shirt,motley-crue,Music
1983 Us Festival Concert Shirt,motley-crue,Music
1983 Us Festival Concert Jersey Shirt,motley-crue,Music
1983 Motley Crue Skull Shirt,motley-crue,Music
1980s Motley Crue Symmetria Tie Dye Shirt,motley-crue,Music
1994 Nine Inch Nails Downward Spiral Shirt,nine-inch-nails,Music
1994 Nine Inch Nails Downward Spiral Shirt,nine-inch-nails,Music
1994 Nine Inch Nails Closer Tour Shirt,nine-inch-nails,Music
1995 NIN David Bowie The Outside Tour Shirt,nine-inch-nails,Music
1992 Nine Inch Nails Fixed Shirt,nine-inch-nails,Music
1994 Nine Inch Nails Self Destruct Tour Shirt,nine-inch-nails,Music
1995 David Bowie Nine Inch Nails Tour Shirt,nine-inch-nails,Music
1994 Woodstock Tie Dye Shirt,nine-inch-nails,Music
1994 Woodstock Music Festival Tie Dye Shirt,nine-inch-nails,Music
1994 Woodstock Music Festival Tie Dye Shirt,nine-inch-nails,Music
1994 Woodstock Music Festival Tie Dye Shirt,nine-inch-nails,Music
1994 Woodstock Music Festival Shirt,nine-inch-nails,Music
1994 Woodstock Music Festival Concert Tie Dye Shirt,nine-inch-nails,Music
1994 Woodstock Music And Arts Fair Tie Dye Shirt,nine-inch-nails,Music
1994 Woodstock Music And Art Fair Tie Dye Shirt,nine-inch-nails,Music
1994 Woodstock Music and Art Fair Tie Concert Dye Shirt,nine-inch-nails,Music
1994 Woodstock Music And Art Fair Concert Tie Dye Shirt,nine-inch-nails,Music
1994 Woodstock Music And Art Fair Concert Tie Dye Shirt,nine-inch-nails,Music
1994 Woodstock Music And Art Fair Concert Tie Dye Shirt,nine-inch-nails,Music
1994 Woodstock Music & Art Fair Tie Dye Shirt,nine-inch-nails,Music
1994 Woodstock Concert Tie Dye Shirt,nine-inch-nails,Music
1994 Woodstock Concert Tie Dye Shirt,nine-inch-nails,Music
1994 Woodstock Concert Tie Dye Shirt,nine-inch-nails,Music
1994 Woodstock Concert Shirt,nine-inch-nails,Music
1994 Woodstock Concert Shirt,nine-inch-nails,Music
1994 Woodstock 25th Anniversary Concert Tie Dye Shirt,nine-inch-nails,Music
1994 Woodstock 2 Mores Days Of Music & Peace Tie Dye Shirt,nine-inch-nails,Music
1994 Woodstock 2 Days Of Music & Peace Concert Tie Dye Shirt,nine-inch-nails,Music
1994 Nine Inch Nails Closer Tour Shirt,nine-inch-nails,Music
1990 Nine Inch Nails Pretty Hate Machine Shirt,nine-inch-nails,Music
1992 Nirvana Come As Your Are Shirt,nirvana,Music
1992 Big Day Out Festival Nirvana Shirt,nirvana,Music
1991 Reading Festival Concert Shirt,nirvana,Music
1988 Ozzy Osbourne Tour Shirt,ozzy-osbourne,Music
1992 Ozzy Osbourne Tattoo All Over Print Shirt,ozzy-osbourne,Music
1984 Ozzy Osbourne Shirt,ozzy-osbourne,Music
1996 Ozzy Osbourne I Fuckin Inhaled Shirt,ozzy-osbourne,Music
1983 Us Festival Concert Jersey Shirt,ozzy-osbourne,Music
1981 Ozzy Osbourne Diary Of A Madman Shirt,ozzy-osbourne,Music
1997 Ozzy Osbourne Hell Shirt,ozzy-osbourne,Music
1981 Ozzy Osbourne Diary Of A Madman Shirt,ozzy-osbourne,Music
1996 Ozzy Osbourne Retirement Sucks Tour Shirt,ozzy-osbourne,Music
1985 Live Aid Philadelphia Concert Shirt,ozzy-osbourne,Music
2000 Ozzfest Ozzy Osbourne Tour Shirt,ozzy-osbourne,Music
1984 Ozzy Osbourne Decapitation Shirt,ozzy-osbourne,Music
1992 Ozzy Osbourne No More Tours Local Crew Tour Shirt,ozzy-osbourne,Music
1984 Breaking Sound Festival Shirt,ozzy-osbourne,Music
1997 Ozzfest Ozzy Osbourne Tour Shirt,ozzy-osbourne,Music
1984 Breaking Sound Festival Shirt,ozzy-osbourne,Music
1983 Us Festival Concert Shirt,ozzy-osbourne,Music
1983 Us Festival Concert Shirt,ozzy-osbourne,Music
1982 Ozzy Osbourne Decapitation Shirt,ozzy-osbourne,Music
2002 Ozzy Osbourne Dove Shirt,ozzy-osbourne,Music
2001 Ozzy Fuckin Osbourne Shirt,ozzy-osbourne,Music
2001 Ozzy Fuckin Osbourne Shirt,ozzy-osbourne,Music
2000 Ozzy Osbourne Ozzfest Shirt,ozzy-osbourne,Music
2000 Ozzy Osbourne Ozzfest Concert Shirt,ozzy-osbourne,Music
1998 Ozzfest Tour Tie Dye Shirt,ozzy-osbourne,Music
1997 Ozzy Osbourne Ozzfest Tour Shirt,ozzy-osbourne,Music
1997 Ozzy Osbourne Ozzfest Tour Shirt,ozzy-osbourne,Music
1997 Ozzy Osbourne Ozzfest Concert Shirt,ozzy-osbourne,Music
1997 Ozzy Osbourne Ozzfest Shirt,ozzy-osbourne,Music
1997 Ozzy Osbourne Ozzfest Concert Shirt,ozzy-osbourne,Music
1996 Ozzy Osbourne Ozzmosis Shirt,ozzy-osbourne,Music
1995 Ozzy Osbourne Ozzmosis Shirt,ozzy-osbourne,Music
1992 Ozzy Osbourne Tattoo All Over Print Shirt,ozzy-osbourne,Music
1990s Ozzy Osbourne Ozzfest Shirt,ozzy-osbourne,Music
1988 Ozzy Osbourne Checklist Shirt,ozzy-osbourne,Music
1986 Ozzy Osbourne Monsters Of Rock Concert Shirt,ozzy-osbourne,Music
1984 Ozzy Osbourne Ozzy For President Shirt,ozzy-osbourne,Music
1983 Us Festival Concert Shirt,ozzy-osbourne,Music
1983 Us Festival Concert Shirt,ozzy-osbourne,Music
1983 Us Festival Concert Shirt,ozzy-osbourne,Music
1983 Us Festival Concert Shirt,ozzy-osbourne,Music
1983 Us Festival Concert Shirt,ozzy-osbourne,Music
1983 Us Festival Concert Jersey Shirt,ozzy-osbourne,Music
1983 Ozzy Osbourne Bark At The Moon UK Tour Shirt,ozzy-osbourne,Music
1983 Ozzy Osbourne Bark At The Moon Tour Jersey Shirt,ozzy-osbourne,Music
1982 Rock Superbowl Ozzy Osbourne Concert Shirt,ozzy-osbourne,Music
1982 Ozzy Osbourne Bark At The Moon Jersey Shirt,ozzy-osbourne,Music
1981 Ozzy Osbourne World Tour Shirt,ozzy-osbourne,Music
1989 Paul McCartney World Tour Shirt,paul-mccartney,Music
1993 Paul McCartney New World Tour Shirt,paul-mccartney,Music
1973 Paul McCartney Wings Red Rose Speedway Shirt,paul-mccartney,Music
1989 Paul McCartney World Tour Shirt,paul-mccartney,Music
1989 Paul McCartney World Tour Shirt,paul-mccartney,Music
1989 Paul McCartney World Tour Shirt,paul-mccartney,Music
1973 Wings Paul McCartney Band On The Run Promo Shirt,paul-mccartney,Music
1978 Paul McCartney Wings London Town Promo Shirt,paul-mccartney,Music
1993 Paul McCartney New World Tour Shirt,paul-mccartney,Music
1993 Paul McCartney New World Tour Shirt,paul-mccartney,Music
1993 Paul McCartney New World Tour Shirt,paul-mccartney,Music
1990 Paul McCartney Yesterday And Today Tour Shirt,paul-mccartney,Music
1990 Paul McCartney Friends Of The Earth World Tour Shirt,paul-mccartney,Music
1990 Paul McCartney Friends Of The Earth Tour Shirt,paul-mccartney,Music
1990 Bill Graham Presents Paul McCartney Berkeley Concert Shirt,paul-mccartney,Music
1989 Paul McCartney World Tour Shirt,paul-mccartney,Music
1989 Paul McCartney World Tour Shirt,paul-mccartney,Music
1980s Paul McCartney Shirt,paul-mccartney,Music
1976 Wings Paul McCartney Showco Crew Only Tour Shirt,paul-mccartney,Music
1976 Paul McCartney Wings Over America Tour Shirt,paul-mccartney,Music
1976 Paul McCartney Wings Over America Promo Shirt,paul-mccartney,Music
1973 Wings Paul McCartney Band On The Run Promo Shirt,paul-mccartney,Music
1973 Wings Paul McCartney Band On The Run Promo Shirt,paul-mccartney,Music
1973 Wings Paul McCartney Band On The Run Promo Shirt,paul-mccartney,Music
1973 Paul McCartney Band On The Run Promo Shirt,paul-mccartney,Music
1992 Pearl Jam Music For Rhinos Shirt,pearl-jam,Music
1992 Pearl Jam Alive Long Sleeve Shirt,pearl-jam,Music
1992 Pearl Jam European Tour Shirt,pearl-jam,Music
1996 Pearl Jam Tour Shirt,pearl-jam,Music
1993 Pearl Jam Window Pain Shirt,pearl-jam,Music
1992 Pearl Jam European Tour Shirt,pearl-jam,Music
1992 Lollapalooza Red Hot Chili Peppers Concert Shirt,pearl-jam,Music
1992 Lollapalooza Concert Shirt,pearl-jam,Music
2003 Pearl Jam Riot Act Tour Shirt,pearl-jam,Music
1993 Pearl Jam Nightmare Shirt,pearl-jam,Music
1992 Pearl Jam Alive Stickman Shirt,pearl-jam,Music
1980 Pink Floyd The Wall Shirt,pink-floyd,Music
1994 Pink Floyd Division Bell Tour Shirt,pink-floyd,Music
1970s Pink Floyd Shirt,pink-floyd,Music
1987 Pink Floyd Momentary Lapse Of Reason Tour Shirt,pink-floyd,Music
1988 Pink Floyd Tour Button Up Crew Shirt,pink-floyd,Music
1994 Pink Floyd Division Bell Tour Shirt,pink-floyd,Music
1994 Pink Floyd Division Bell Local Crew Shirt,pink-floyd,Music
1996 Pink Floyd One Day In Hell Crew Shirt,pink-floyd,Music
1970s Pink Floyd Shirt,pink-floyd,Music
1982 Pink Floyd The Wall Shirt,pink-floyd,Music
1987 Pink Floyd Momentary Lapse Of Reason Tour Shirt,pink-floyd,Music
1988 Pink Floyd Momentary Lapse Of Reason Tour Vest,pink-floyd,Music
1994 Pink Floyd Division Bell Tour Shirt,pink-floyd,Music
1975 Pink Floyd Wish You Were Here Columbia Records Promo Shirt,pink-floyd,Music
1990s Pink Floyd Dark Side Of The Moon Shirt,pink-floyd,Music
1982 Pink Floyd Shirt,pink-floyd,Music
1980s Pink Floyd Animals Shirt,pink-floyd,Music
1994 Pink Floyd Division Bell Shirt,pink-floyd,Music
1994 Pink Floyd World Tour Shirt,pink-floyd,Music
1977 Pink Floyd Animals Tour Shirt,pink-floyd,Music
1987 Pink Floyd Momentary Lapse Tour Jersey Shirt,pink-floyd,Music
1987 Pink Floyd Momentary Lapse Tour Shirt,pink-floyd,Music
1987 Pink Floyd Momentary Lapse Tour Jersey Shirt,pink-floyd,Music
1982 Pink Floyd Dark Side Of The Moon Shirt,pink-floyd,Music
1982 Pink Floyd Dark Side Of The Moon Shirt,pink-floyd,Music
1982 Pink Floyd Dark Side Of The Moon Shirt,pink-floyd,Music
1977 Pink Floyd Milwaukee Concert Crew Shirt,pink-floyd,Music
2001 Pink Floyd Echoes The Best Of Shirt,pink-floyd,Music
1999 Pink Floyd Wish You Were Here Shirt,pink-floyd,Music
1997 Pink Floyd The Wall Winterland Shirt,pink-floyd,Music
1996 Pink Floyd One Day In Hell Crew Tour Shirt,pink-floyd,Music
1994 Pink Floyd The Division Bell Tour Shirt,pink-floyd,Music
1994 Pink Floyd The Division Bell Tour Shirt,pink-floyd,Music
1994 Pink Floyd Division Bell Tour Shirt,pink-floyd,Music
1990s Pink Floyd The Wall Long Sleeve Shirt,pink-floyd,Music
1990s Pink Floyd Division Bell Embroidered Graphic Shirt,pink-floyd,Music
1988 Pink Floyd Momentary Lapse Of Reason World Tour Shirt,pink-floyd,Music
1987 Pink Floyd World Tour Shirt,pink-floyd,Music
1987 Pink Floyd Momentary Lapse Of Reason World Tour Shirt,pink-floyd,Music
1987 Pink Floyd Momentary Lapse Of Reason Tour Shirt,pink-floyd,Music
1987 Pink Floyd Momentary Lapse Of Reason Tour Jersey Shirt,pink-floyd,Music
1987 Pink Floyd Momentary Lapse Of Reason Shirt,pink-floyd,Music
1982 Pink Floyd The Wall Shirt,pink-floyd,Music
1980s Pink Floyd Shirt,pink-floyd,Music
1980 Pink Floyd The Wall Nassau Coliseum Concert Jersey Shirt,pink-floyd,Music
1980 Pink Floyd The Wall Crew Shirt,pink-floyd,Music
1980 Pink Floyd The Wall Concert Tour Jersey Shirt,pink-floyd,Music
1977 Pink Floyd Animals Tour Shirt,pink-floyd,Music
1977 Pink Floyd Animals Tour Shirt,pink-floyd,Music
1977 Pink Floyd Animals Shirt,pink-floyd,Music
1970s Pink Floyd Shirt,pink-floyd,Music
1970s Pink Floyd Iron On Graphic Shirt,pink-floyd,Music
1993 Poison Native Tongue Tour Shirt,poison,Music
2000 Poison I Got Fucked Up With Poison Tour Shirt,poison,Music
2000 Poison Power To The People Tour Shirt,poison,Music
2000 Poison I Got Fucked Up With Poison Summer Tour Shirt,poison,Music
1999 Poison Staff Crew Tour Shirt,poison,Music
1993 Poison Native Tongue World Tour Tie Dye Shirt,poison,Music
1993 Poison Native Tongue World Tour Shirt,poison,Music
1990 Poison Flesh & Blood Tour Shirt,poison,Music
1988 Poison Open Up And Say Ahhh Tour Shirt,poison,Music
1980s Poison I've Been Poison'd Shirt,poison,Music
1996 Ramones Adios Amigos Tour Shirt,ramones,Music
1977 Ramones Rocket To Russia Sire Records Promo Shirt,ramones,Music
1996 Ramones Final Tour Shirt,ramones,Music
1982 Us Festival Concert Shirt,ramones,Music
1990s Ramones Shirt,ramones,Music
2000s Ramones America's 1st Punk Band Shirt,ramones,Music
1996 Lollapalooza Summer Of Noise Concert Shirt,ramones,Music
2000s Ramones America's 1st Punk Band Long Sleeve Shirt,ramones,Music
2000s Ramones America's 1st Punk Band Shirt,ramones,Music
1989 Ramones Brain Drain Shirt,ramones,Music
2000s Ramones Long Sleeve Shirt,ramones,Music
2000s Ramones America's First Punk Band Shirt,ramones,Music
1980 Ramones Michigan State University Concert Shirt,ramones,Music
1970s Ramones Rocket To Russia Shirt,ramones,Music
1980 Ramones Michigan State University Concert Shirt,ramones,Music
1990s Ramones Shirt,ramones,Music
1999 Ramones Skull Shirt,ramones,Music
1997 Ramones Hey Ho Let's Go Shirt,ramones,Music
1996 Lollapalooza Concert Shirt,ramones,Music
1994 Lollapalooza Concert Shirt,ramones,Music
1992 Ramones Mondo Bizzaro Tour Shirt,ramones,Music
1990s Dee Dee Ramones I Hate Creeps Like You Shirt,ramones,Music
1990 Ramones Escape From New York Local Crew Concert Shirt,ramones,Music
1985 Ramones Hands Across Your Face Shirt,ramones,Music
1981 Ramones Pleasant Dreams Shirt,ramones,Music
1981 Rolling Stones Tour Jersey Shirt,rolling-stones,Music
1978 Rolling Stones Dragon Shirt,rolling-stones,Music
1981 Rolling Stones Hampton Virginia Concert Shirt,rolling-stones,Music
1978 Rolling Stones Myrtle Beach Concert Shirt,rolling-stones,Music
1981 Rolling Stones Whisper Concerts Tour Shirt,rolling-stones,Music
1994 Rolling Stones Voodoo Lounge Tour Shirt,rolling-stones,Music
1981 Rolling Stones North American Tour Shirt,rolling-stones,Music
1989 Rolling Stones Steel Wheels Crew Sweatshirt,rolling-stones,Music
1990 Rolling Stones ACG Nike Tour Crew Jacket,rolling-stones,Music
1970s Fleetwood Mac Rolling Stones Shirt,rolling-stones,Music
1981 Rolling Stones North American Tour Shirt,rolling-stones,Music
1994 Rolling Stones Exile On Main Street All Over Print Shirt,rolling-stones,Music
1981 Rolling Stones Prince Tour Jersey Shirt,rolling-stones,Music
1989 Rolling Stones Steel Wheels Tour Jacket,rolling-stones,Music
1999 Rolling Stones No Security Tour Tie Dye Shirt,rolling-stones,Music
1981 Rolling Stones North America Tour Shirt,rolling-stones,Music
1981 Rolling Stones North American Tour Shirt,rolling-stones,Music
1994 Rolling Stones Voodoo Lounge Tour Shirt,rolling-stones,Music
1973 Rolling Stones European Tour Shirt,rolling-stones,Music
1997 Rolling Stones Bridges To Babylon Tour Shirt,rolling-stones,Music
1981 Rolling Stones Jersey Shirt,rolling-stones,Music
1981 Rolling Stones Prince Concert Jersey Shirt,rolling-stones,Music
1972 Rolling Stones Crew Tour Shirt,rolling-stones,Music
1981 Rolling Stones Prince Tour Jersey Shirt,rolling-stones,Music
1994 Rolling Stones Voodoo Lounge Tour Shirt,rolling-stones,Music
2003 Rolling Stones Licks World Tour Tie Dye Shirt,rolling-stones,Music
1999 Rolling Stones No Security Tie Dye Shirt,rolling-stones,Music
1998 Rolling Stones Bridges To Babylon Tour Shirt,rolling-stones,Music
1989 Rolling Stones Steel Wheels Tour Shirt,rolling-stones,Music
1994 Rolling Stones Voodoo Lounge Tour Shirt,rolling-stones,Music
1989 Rolling Stones Steel Wheels Tour Crew Sweatshirt,rolling-stones,Music
1975 Rolling Stones American Tour Shirt,rolling-stones,Music
1989 Rolling Stones Steel Wheels Tour Shirt,rolling-stones,Music
1997 Rolling Stones Bridges To Babylon Tour Shirt,rolling-stones,Music
1999 Rolling Stones No Security Tour Tie Dye Shirt,rolling-stones,Music
1981 Rolling Stones Wish You Were Here New Orleans Tour Shirt,rolling-stones,Music
1994 Rolling Stones Tie Dye Shirt,rolling-stones,Music
1981 Rolling Stones Jersey Shirt,rolling-stones,Music
2002 Rolling Stones Tour Shirt,rolling-stones,Music
2002 Rolling Stones Licks Tour Tie Dye Shirt,rolling-stones,Music
2002 Rolling Stones Licks Euro Tour Crew Shirt,rolling-stones,Music
1999 Rolling Stones No Security Tour Shirt,rolling-stones,Music
1999 Rolling Stones No Security Tie Dye Shirt,rolling-stones,Music
1998 Rolling Stones No Security Tour Tie Dye Shirt,rolling-stones,Music
1997 Rolling Stones Tie Dye Shirt,rolling-stones,Music
1997 Rolling Stones Bridges To Babylon World Tour Shirt,rolling-stones,Music
1997 Rolling Stones Bridges To Babylon Tour Tie Dye Shirt,rolling-stones,Music
1997 Rolling Stones Bridges To Babylon Tour Tie Dye Shirt,rolling-stones,Music
1997 Rolling Stones Bridges To Babylon Tour Tie Dye Shirt,rolling-stones,Music
1997 Rolling Stones Bridges To Babylon Tour Tie Dye Shirt,rolling-stones,Music
1997 Rolling Stones Bridges To Babylon Tour Shirt,rolling-stones,Music
1997 Rolling Stones Bridges To Babylon Tour Shirt,rolling-stones,Music
1997 Rolling Stones Bridges To Babylon Tour Shirt,rolling-stones,Music
1997 Rolling Stones Bridges To Babylon Tour Shirt,rolling-stones,Music
1997 Rolling Stones Bridges To Babylon Tour Shirt,rolling-stones,Music
1997 Rolling Stones Bridges To Babylon Tour Shirt,rolling-stones,Music
1997 Rolling Stones Bridges To Babylon Tour Shirt,rolling-stones,Music
1997 Rolling Stones Bridges To Babylon Tour Shirt,rolling-stones,Music
1997 Rolling Stones Bridges To Babylon Tour Shirt,rolling-stones,Music
1997 Rolling Stones Bridges To Babylon Tour Shirt,rolling-stones,Music
1997 Rolling Stones Bridges To Babylon Tour Shirt,rolling-stones,Music
1997 Rolling Stones Bridges To Babylon Tie Dye Tour Shirt,rolling-stones,Music
1997 Rolling Stones Bridges To Babylon Tie Dye Tour Shirt,rolling-stones,Music
1997 Rolling Stones Bridges To Babylon Tie Dye Tour Shirt,rolling-stones,Music
1997 Rolling Stones Bridges To Babylon Tie Dye Tour Shirt,rolling-stones,Music
1997 Rolling Stones Bridges To Babylon Tie Dye Shirt,rolling-stones,Music
1997 Rolling Bridges To Babylon Tie Dye Tour Shirt,rolling-stones,Music
1995 Rolling Stones Voodoo Lounge World Tour Shirt,rolling-stones,Music
1994 Rolling Stones Voodoo Lounge World Tour Showco Crew Polo Shirt,rolling-stones,Music
1994 Rolling Stones Voodoo Lounge Tour Shirt,rolling-stones,Music
1994 Rolling Stones Tie Dye Shirt,rolling-stones,Music
1994 Rolling Stones Tie Dye Shirt,rolling-stones,Music
1994 Rolling Stones Tie Dye Shirt,rolling-stones,Music
1994 Rolling Stones Liquid Blue Tie Dye Shirt,rolling-stones,Music
1991 Rolling Stones At The I-Max Larger Than Live Shirt,rolling-stones,Music
1990 Rolling Stones Keith Richards Urban Jungle Tour Shirt,rolling-stones,Music
1989 Rolling Stones Sticky Fingers Steel Wheels Tour Shirt,rolling-stones,Music
1989 Rolling Stones Steel Wheels Tour Shirt,rolling-stones,Music
1989 Rolling Stones Steel Wheels Tour Shirt,rolling-stones,Music
1989 Rolling Stones Bill Graham Day On The Green Concert Shirt,rolling-stones,Music
1986 Rolling Stones Dirty Work Olga Shirt,rolling-stones,Music
1985 Rolling Stones Shirt,rolling-stones,Music
1982 Rolling Stones Still Life Euro Tour Shirt,rolling-stones,Music
1982 Rolling Stones European Tour Shirt,rolling-stones,Music
1981 Rolling Stones Wish You Were Here New Orleans Concert Shirt,rolling-stones,Music
1981 Rolling Stones Van Halen Tour Jersey Shirt,rolling-stones,Music
1981 Rolling Stones Tour Shirt,rolling-stones,Music
1981 Rolling Stones Tattoo You Shirt,rolling-stones,Music
1981 Rolling Stones Tattoo You Shirt,rolling-stones,Music
1981 Rolling Stones Tattoo You Shirt,rolling-stones,Music
1981 Rolling Stones Tattoo You Shirt,rolling-stones,Music
1981 Rolling Stones San Diego Concert Staff Shirt,rolling-stones,Music
1981 Rolling Stones North American Tour Shirt,rolling-stones,Music
1981 Rolling Stones North American Tour Shirt,rolling-stones,Music
1981 Rolling Stones North American Tour Shirt,rolling-stones,Music
1981 Rolling Stones North American Tour Shirt,rolling-stones,Music
1981 Rolling Stones North American Tour Shirt,rolling-stones,Music
1981 Rolling Stones North American Tour Shirt,rolling-stones,Music
1981 Rolling Stones New Orleans Concert Shirt,rolling-stones,Music
1981 Rolling Stones New Orleans Concert Shirt,rolling-stones,Music
1981 Rolling Stones Live In Concert Tour Jersey Shirt,rolling-stones,Music
1981 Rolling Stones Jersey Shirt,rolling-stones,Music
1981 Rolling Stones Balloonatic Shirt,rolling-stones,Music
1980s Rolling Stones 95.5 WMET Rocks Chicago Shirt,rolling-stones,Music
1978 Rolling Stones World Wide Tour Shirt,rolling-stones,Music
1978 Rolling Stones World Tour Shirt,rolling-stones,Music
1978 Rolling Stones Tour Of North America Shirt,rolling-stones,Music
1978 Rolling Stones Some Girls Chicago Crew Concert Shirt,rolling-stones,Music
1978 Rolling Stones New Orleans Tour Shirt,rolling-stones,Music
1978 Rolling Stones In Concert Shirt,rolling-stones,Music
1978 Rolling Stones Happy Birthday Mick Concert Tie Dye Shirt,rolling-stones,Music
1978 Rolling Stones Happy Birthday Mic Concert Jersey Shirt,rolling-stones,Music
1976 Rolling Stones Tour Of Europe Pearl Snap Denim Shirt,rolling-stones,Music
1975 Rolling Stones US Tour Shirt,rolling-stones,Music
1975 Rolling Stones Tour Of The Americas Shirt,rolling-stones,Music
1975 Rolling Stones Tour Of The Americas Shirt,rolling-stones,Music
1972 Rolling Stone Magazine Ralph Steadman Shirt,rolling-stones,Music
1994 Lollapalooza Tour Shirt,smashing-pumpkins,Music
1996 Smashing Pumpkins Leave Me Alone Shirt,smashing-pumpkins,Music
1997 Smashing Pumpkins Mellon Collie Infinite Sadness Shirt,smashing-pumpkins,Music
2000 Smashing Pumpkins Machina Shirt,smashing-pumpkins,Music
2000 Smashing Pumpkins Machina Shirt,smashing-pumpkins,Music
1996 Smashing Pumpkins Mellon Collie And The Infinite Sadness Shirt,smashing-pumpkins,Music
1994 Smashing Pumpkins Rock Invasion Crew Shirt,smashing-pumpkins,Music
1994 Lollapalooza Tour Shirt,smashing-pumpkins,Music
1994 Lollapalooza Tour Shirt,smashing-pumpkins,Music
1994 Lollapalooza Tour Shirt,smashing-pumpkins,Music
1994 Lollapalooza Tour Shirt,smashing-pumpkins,Music
1994 Lollapalooza Tour Shirt,smashing-pumpkins,Music
1994 Lollapalooza Music Festival Tour Shirt,smashing-pumpkins,Music
1994 Lollapalooza Concert Shirt,smashing-pumpkins,Music
1990s Smashing Pumpkins Shirt,smashing-pumpkins,Music
1984 The Clash Out Of Control Shirt,the-clash,Music
1983 Us Festival Concert Jersey Shirt,the-clash,Music
1982 The Who The Clash Tour Jersey Shirt,the-clash,Music
1980 The Clash Black Market Clash Shirt,the-clash,Music
1982 The Clash Combat Rock Tour Shirt,the-clash,Music
1984 The Clash Out Of Control Shirt,the-clash,Music
1982 The Who The Clash Tour Jersey Shirt,the-clash,Music
1982 The Clash Know Your Rights Tour Shirt,the-clash,Music
1984 The Clash Joe Strummer Out Of Control Tour Shirt,the-clash,Music
1983 Us Festival Concert Shirt,the-clash,Music
1982 The Clash Combat Rock Tour Shirt,the-clash,Music
1991 The Clash On Broadway Long Sleeve Shirt,the-clash,Music
1984 The Clash Out Of Control Tour Shirt,the-clash,Music
1983 Us Festival Concert Shirt,the-clash,Music
1983 Us Festival Concert Shirt,the-clash,Music
1983 Us Festival Concert Shirt,the-clash,Music
1983 Us Festival Concert Shirt,the-clash,Music
1983 Us Festival Concert Shirt,the-clash,Music
1983 Us Festival Concert Jersey Shirt,the-clash,Music
1982 The Who & The Clash Concert Jersey Shirt,the-clash,Music
1982 The Clash Combat Rock Shirt,the-clash,Music
1979 The Clash Takes The Fifth Tour Shirt,the-clash,Music
1979 The Clash Groovy Times Shirt,the-clash,Music
1982 The Who It's Hard Tour Shirt,the-who,Music
1979 The Who Shirt,the-who,Music
1970s The Who FM Productions Long Sleeve Shirt,the-who,Music
1982 The Who The Clash Tour Jersey Shirt,the-who,Music
1989 The Who Kids Are Alright Tour Crew Shirt,the-who,Music
1985 Live Aid This Shirt Saves Lives Shirt,the-who,Music
1979 The Who Maximum R&B Shirt,the-who,Music
1980 The Who Tour Shirt,the-who,Music
1979 The Who Summer Tour Shirt,the-who,Music
1979 The Who Maximum R&B Shirt,the-who,Music
1989 The Who Tommy Tie Dye Shirt,the-who,Music
1979 The Who Fall Tour Shirt,the-who,Music
1979 The Who Shirt,the-who,Music
1989 The Who Tie Dye Tour Shirt,the-who,Music
1985 Live Aid Philadelphia Concert Shirt,the-who,Music
1996 The Who Quadrophenia Tour Shirt,the-who,Music
1979 The Who Showco Crew Shirt,the-who,Music
1982 The Who The Clash Tour Jersey Shirt,the-who,Music
1976 The Who Shirt,the-who,Music
1983 Us Festival Concert Shirt,the-who,Music
1982 The Who North American Tour Jersey Shirt,the-who,Music
1976 The Who Shirt,the-who,Music
1989 The Who Kids Are Alright 25th Anniversary Edition Shirt,the-who,Music
1979 The Who Showco Crew Tour Shirt,the-who,Music
1990s The Who My Generation Shirt,the-who,Music
1989 The Who Tommy Tie Dye Shirt,the-who,Music
1989 The Who Tommy Tie Dye Shirt,the-who,Music
1989 The Who Tommy 25th Anniversary Tie Dye Shirt,the-who,Music
1989 The Who The Kids Are Alright Tour Shirt,the-who,Music
1989 The Who The Kids Are Alright Tour Shirt,the-who,Music
1989 The Who The Kids Are Alright Shirt,the-who,Music
1989 The Who Kids Are Alright Tour Shirt,the-who,Music
1989 The Who Kids Are Alright Tour Shirt,the-who,Music
1989 The Who Kids Are Alright Local Crew Tour Shirt,the-who,Music
1982 The Who North American Tour Jersey Shirt,the-who,Music
1982 The Who It's Hard Tour Shirt,the-who,Music
1982 The Who It's Hard Tour Jersey Shirt,the-who,Music
1982 The Who American Tour Shirt,the-who,Music
1982 The Who American Tour Shirt,the-who,Music
1982 The Who American Tour Shirt,the-who,Music
1982 The Who America Tour Jersey Shirt,the-who,Music
1982 The Who & The Clash Concert Jersey Shirt,the-who,Music
1980s The Who Maximum R&B Shirt,the-who,Music
1980s The Who Kids Are Alright Shirt,the-who,Music
1979 The Who The Kids Are Alright Shirt,the-who,Music
1979 The Who North American Tour Shirt,the-who,Music
1979 The Who Maximum R&B Shirt,the-who,Music
1976 The Who MCA Records Promo Shirt,the-who,Music
1970s The Who McManus Enterprises Crew Tour Shirt,the-who,Music
1970s The Who Long Live Rock Jersey Shirt,the-who,Music
1995 Tom Petty Dogs With Wings Tour Shirt,tom-petty,Music
1983 Tom Petty Long After Dark Tour Shirt,tom-petty,Music
1985 Live Aid This Shirt Saves Lives Shirt,tom-petty,Music
1990s Tom Petty Gone Gator Records Shirt,tom-petty,Music
1985 Live Aid Philadelphia Concert Shirt,tom-petty,Music
1979 Tom Petty Damn The Torpedoes Tour Shirt,tom-petty,Music
1995 Tom Petty Dogs With Wings Tour Shirt,tom-petty,Music
2002 Tom Petty Shirt,tom-petty,Music
1999 Tom Petty & The Heartbreakers Echo Tie Dye Tour Shirt,tom-petty,Music
1995 Tom Petty Wildflowers World Tour Shirt,tom-petty,Music
1995 Tom Petty When Dogs Get Wings Shirt,tom-petty,Music
1995 Tom Petty & The Heartbreakers North American Tour Shirt,tom-petty,Music
1995 Tom Petty & The Heartbreakers North America Tour Shirt,tom-petty,Music
1989 Tom Petty And The Heartbreakers Tour Shirt,tom-petty,Music
1980 Tom Petty And The Heartbreakers Honolulu Concert Shirt,tom-petty,Music
1979 Tom Petty And The Heartbreakers Damn The Torpedoes Shirt,tom-petty,Music
1979 Tom Petty & The Heartbreakers Damn The Torpedoes Tour Shirt,tom-petty,Music
1997 Ozzfest Ozzy Osbourne Tour Shirt,type-o-negative,Music
2003 Type O Negative Life Is Killing Me Tour Shirt,type-o-negative,Music
2000 Type O Negative Worst Of The Last Shirt,type-o-negative,Music
2000 Type O Negative This Bloods For You Tour Shirt,type-o-negative,Music
1997 Ozzy Osbourne Ozzfest Tour Shirt,type-o-negative,Music
1997 Ozzy Osbourne Ozzfest Tour Shirt,type-o-negative,Music
1997 Ozzy Osbourne Ozzfest Concert Shirt,type-o-negative,Music
1997 Ozzy Osbourne Ozzfest Shirt,type-o-negative,Music
1997 Ozzy Osbourne Ozzfest Concert Shirt,type-o-negative,Music
1996 Type O Negative Liberation Of Vinnland Tour Shirt,type-o-negative,Music
1996 Type O Negative All You Need Is Blood Shirt,type-o-negative,Music
1996 Rockstock Tie Dye Shirt,type-o-negative,Music
1990s Type O Negative Orchestra Of Death Shirt,type-o-negative,Music
1980s U2 Sweatshirt,u2,Music
1993 U2 Zoo TV Tour Shirt,u2,Music
1988 U2 Rattle & Hum Shirt,u2,Music
1988 U2 Rattle & Hum Shirt,u2,Music
1983 Us Festival Concert Jersey Shirt,u2,Music
1985 Live Aid This Shirt Saves Lives Shirt,u2,Music
1985 Live Aid Philadelphia Concert Shirt,u2,Music
1985 Live Aid Philadelphia Concert Shirt,u2,Music
2001 U2 Elevation Shirt,u2,Music
1983 Us Festival Concert Shirt,u2,Music
1980s U2 Shirt,u2,Music
1984 U2 Under A Blood Red Sky Shirt,u2,Music
1985 U2 Unforgettable Fire Shirt,u2,Music
1980s U2 October Shirt,u2,Music
2001 U2 Elevation Tour Local Crew Shirt,u2,Music
1993 U2 Zoo TV Tour Shirt,u2,Music
1985 U2 The Longest Day Milton Keynes Concert Shirt,u2,Music
1984 U2 Under A Blood Red Sky Shirt,u2,Music
1983 Us Festival Concert Shirt,u2,Music
1983 Us Festival Concert Shirt,u2,Music
1983 Us Festival Concert Shirt,u2,Music
1983 Us Festival Concert Shirt,u2,Music
1983 Us Festival Concert Shirt,u2,Music
1983 Us Festival Concert Jersey Shirt,u2,Music
1983 U2 War Tour Shirt,u2,Music
1982 U2 Under A Blood Red Sky Shirt,u2,Music
1980s U2 Shirt,u2,Music
1980 Van Halen Invasion Shirt,van-halen,Music
1981 Van Halen World Tour Shirt,van-halen,Music
1983 Us Festival Concert Jersey Shirt,van-halen,Music
1991 Van Halen All Over Print Shirt,van-halen,Music
1984 Van Halen Tour Crew Hooded Sweatshirt,van-halen,Music
1980 Van Halen Invasion Shirt,van-halen,Music
1995 Van Halen Balance Tour Shirt,van-halen,Music
1982 Van Halen World Tour Jersey Shirt,van-halen,Music
1984 Van Halen Tour Of The World Shirt,van-halen,Music
1986 Van Halen 5150 Tour Shirt,van-halen,Music
1995 Van Halen Balance Tour Shirt,van-halen,Music
1990s Van Halen Crew Tour Shirt,van-halen,Music
1982 Van Halen Diver Down Shirt,van-halen,Music
1970s Van Halen Shirt,van-halen,Music
1983 Us Festival Concert Shirt,van-halen,Music
1993 Van Halen Live World Tour Shirt,van-halen,Music
1983 Us Festival Concert Shirt,van-halen,Music
1982 Van Halen The Forum Sold Out Concert Shirt,van-halen,Music
1991 Van Halen For Unlawful Carnal Knowledge Tie Dye Shirt,van-halen,Music
1998 Van Halen III Check Out The Big Brain On Brad Shirt,van-halen,Music
1995 Van Halen Balance Tour Shirt,van-halen,Music
1995 Van Halen Balance Tour Shirt,van-halen,Music
1995 Van Halen Balance Tour Shirt,van-halen,Music
1995 Van Halen Balance Tour Shirt,van-halen,Music
1995 Van Halen Balance Tour Shirt,van-halen,Music
1995 Van Halen Balance Tour Shirt,van-halen,Music
1995 Van Halen Balance Tour Shirt,van-halen,Music
1995 Van Halen Balance Tour Shirt,van-halen,Music
1995 Van Halen Balance Tour Shirt,van-halen,Music
1993 Van Halen World Tour Shirt,van-halen,Music
1993 Van Halen Live European Tour All Over Print Shirt,van-halen,Music
1991 Van Halen For Unlawful Carnal Knowledge Tie Dye Shirt,van-halen,Music
1991 Van Halen For Unlawful Carnal Knowledge Tie Dye Shirt,van-halen,Music
1991 Van Halen For Unlawful Carnal Knowledge Tie Dye Shirt,van-halen,Music
1991 Van Halen For Unlawful Carnal Knowledge Tie Dye Shirt,van-halen,Music
1988 Van Halen Tour Shirt,van-halen,Music
1986 Van Halen 5150 North American Tour Shirt,van-halen,Music
1984 Van Halen Tour Of The World Shirt,van-halen,Music
1984 Van Halen Smoking Angel Shirt,van-halen,Music
1983 Us Festival Concert Shirt,van-halen,Music
1983 Us Festival Concert Shirt,van-halen,Music
1983 Us Festival Concert Shirt,van-halen,Music
1983 Us Festival Concert Shirt,van-halen,Music
1983 Us Festival Concert Shirt,van-halen,Music
1983 Us Festival Concert Jersey Shirt,van-halen,Music
1982 Van Halen Vs Texas Crew Tour Shirt,van-halen,Music
1982 Van Halen Diver Down Shirt,van-halen,Music
1982 Van Halen Diver Down Shirt,van-halen,Music
1982 Van Halen Diver Down Shirt,van-halen,Music
1982 Van Halen Diver Down Shirt,van-halen,Music
1982 Van Halen Diver Down Shirt,van-halen,Music
1981 Rolling Stones Van Halen Tour Jersey Shirt,van-halen,Music
1980 Van Halen Invasion Jersey Shirt,van-halen,Music
1979 Van Halen Heart Day On The Green Shirt,van-halen,Music
1970s Van Halen Shirt,van-halen,Music
1970s Van Halen Shirt,van-halen,Music
1970s Van Halen Jersey Shirt,van-halen,Music
1994 Woodstock Festival Tie Dye Shirt,woodstock,Music
1994 Woodstock Concert Shrit,woodstock,Music
1990s Woodstock Tie Dye Shirt,woodstock,Music
1994 Woodstock Music Festival Concert Shirt,woodstock,Music
1989 Woodstock Shirt,woodstock,Music
1970s Woodstock Shirt,woodstock,Music
1989 Woodstock Music Festival Shirt,woodstock,Music
1994 Woodstock Music Festival Shirt,woodstock,Music
1989 Woodstock Music Festival Shirt,woodstock,Music
1999 Woodstock Concert Shirt,woodstock,Music
1998 Day In The Garden Woodstock Shirt,woodstock,Music
1994 Woodstock Tie Dye Shirt,woodstock,Music
1994 Woodstock Music Festival Tie Dye Shirt,woodstock,Music
1994 Woodstock Music Festival Tie Dye Shirt,woodstock,Music
1994 Woodstock Music Festival Tie Dye Shirt,woodstock,Music
1994 Woodstock Music Festival Shirt,woodstock,Music
1994 Woodstock Music Festival Concert Tie Dye Shirt,woodstock,Music
1994 Woodstock Music And Arts Fair Tie Dye Shirt,woodstock,Music
1994 Woodstock Music And Art Fair Tie Dye Shirt,woodstock,Music
1994 Woodstock Music and Art Fair Tie Concert Dye Shirt,woodstock,Music
1994 Woodstock Music And Art Fair Concert Tie Dye Shirt,woodstock,Music
1994 Woodstock Music And Art Fair Concert Tie Dye Shirt,woodstock,Music
1994 Woodstock Music And Art Fair Concert Tie Dye Shirt,woodstock,Music
1994 Woodstock Music & Art Fair Tie Dye Shirt,woodstock,Music
1994 Woodstock Concert Tie Dye Shirt,woodstock,Music
1994 Woodstock Concert Tie Dye Shirt,woodstock,Music
1994 Woodstock Concert Tie Dye Shirt,woodstock,Music
1994 Woodstock Concert Shirt,woodstock,Music
1994 Woodstock Concert Shirt,woodstock,Music
1994 Woodstock 25th Anniversary Concert Tie Dye Shirt,woodstock,Music
1994 Woodstock 2 Mores Days Of Music & Peace Tie Dye Shirt,woodstock,Music
1994 Woodstock 2 More Days Of Peach And Music Shirt,woodstock,Music
1994 Woodstock 2 Days Of Music & Peace Concert Tie Dye Shirt,woodstock,Music
1989 Woodstock 20th Anniversary Tie Dye Shirt,woodstock,Music
1989 Woodstock 20th Anniversary Shirt,woodstock,Music
1989 Woodstock 20th Anniversary Shirt,woodstock,Music
1989 Woodstock 20th Anniversary Shirt,woodstock,Music
