description,price,qty,collection,link
2000s Baker Skateboards Shirt,$120,1,2000s,https://www.wycovintage.com/collections/2000s/products/2000s-baker-skateboards-shirt-01192454ndm?_pos=1&_fid=5824cd7ab&_ss=c
2001 Drowning Pool Let The Bodies Hit The Floor Shirt,$75,1,2000s,https://www.wycovintage.com/collections/2000s/products/2001-drowning-pool-let-the-bodies-hit-the-floor-shirt-01192414?_pos=2&_fid=5824cd7ab&_ss=c
2000 Black Sabbath Shirt,$100,1,2000s,https://www.wycovintage.com/collections/2000s/products/2000-black-sabbath-shirt-01122412?_pos=3&_fid=5824cd7ab&_ss=c
2000 The Cure Dream Tour Shirt,$100,1,2000s,https://www.wycovintage.com/collections/2000s/products/2000-the-cure-dream-tour-shirt-01052440?_pos=4&_fid=5824cd7ab&_ss=c
2000 Britney Spears Tour Shirt,$175,1,2000s,https://www.wycovintage.com/collections/2000s/products/2000-britney-spears-tour-shirt-01052431?_pos=5&_fid=5824cd7ab&_ss=c
2000 Tina Turner 24/7 Tour Shirt,$125,1,2000s,https://www.wycovintage.com/collections/2000s/products/2000-tina-turner-24-7-tour-shirt-12152342wl?_pos=6&_fid=5824cd7ab&_ss=c
2002 Necro-Tonz Cocktail Hell Shirt,$50,1,2000s,https://www.wycovintage.com/collections/2000s/products/2002-necro-tonz-cocktail-hell-shirt-12082318?_pos=7&_fid=5824cd7ab&_ss=c
2002 Nelly Furtado Burn In The Spotlight Tour Shirt,$200,1,2000s,https://www.wycovintage.com/collections/2000s/products/2002-nelly-furtado-burn-in-the-spotlight-tour-shirt-12082310?_pos=8&_fid=5824cd7ab&_ss=c
2004 Madonna Everybody Is A Star Shirt,$175,1,2000s,https://www.wycovintage.com/collections/2000s/products/2004-madonna-everybody-is-a-star-shirt-12082309wl?_pos=9&_fid=5824cd7ab&_ss=c
2002 Aerosmith Tour Shirt,$75,1,2000s,https://www.wycovintage.com/collections/2000s/products/2002-aerosmith-tour-shirt-12012354?_pos=10&_fid=5824cd7ab&_ss=c
2000 Aerosmith Just Push Play Tour Shirt,$400,1,2000s,https://www.wycovintage.com/collections/2000s/products/2000-aerosmith-just-push-play-tour-shirt-12012348?_pos=11&_fid=5824cd7ab&_ss=c
2002 Jay-Z R Kelly Best Of Both Worlds Tour Shirt,$200,1,2000s,https://www.wycovintage.com/collections/2000s/products/2002-jay-z-r-kelly-best-of-both-worlds-tour-shirt-11172341?_pos=12&_fid=5824cd7ab&_ss=c
2002 xXx Movie Promo Shirt,$135,1,2000s,https://www.wycovintage.com/collections/2000s/products/2002-xxx-movie-promo-shirt-11062353?_pos=13&_fid=5824cd7ab&_ss=c
2002 Dead Kennedys Mutiny On The Bay Tour Shirt,$125,1,2000s,https://www.wycovintage.com/collections/2000s/products/2002-dead-kennedys-mutiny-on-the-bay-tour-shirt-10272318jw?_pos=14&_fid=5824cd7ab&_ss=c
2001 The Simpsons Homer Simpson Shirt,$100,1,2000s,https://www.wycovintage.com/collections/2000s/products/2001-the-simpsons-homer-simpson-shirt-10202314jw?_pos=15&_fid=5824cd7ab&_ss=c
2000 Motley Crue Maximum Rock Tour Shirt,$100,1,2000s,https://www.wycovintage.com/collections/2000s/products/2000-motley-crue-maximum-rock-tour-shirt-10132345?_pos=16&_fid=5824cd7ab&_ss=c
2001 Transformers Shirt,$100,1,2000s,https://www.wycovintage.com/collections/2000s/products/2001-transformers-shirt-10132342jw?_pos=17&_fid=5824cd7ab&_ss=c
2001 Family Values Tour Shirt,$200,1,2000s,https://www.wycovintage.com/collections/2000s/products/2001-family-values-tour-shirt-10062348?_pos=18&_fid=5824cd7ab&_ss=c
2004 Usher Kanye West The Truth Tour Shirt,$300,1,2000s,https://www.wycovintage.com/collections/2000s/products/2004-usher-kanye-west-the-truth-tour-shirt-10062338?_pos=19&_fid=5824cd7ab&_ss=c
2003 Tombstone Walk To The Ok Corral Shirt,$100,1,2000s,https://www.wycovintage.com/collections/2000s/products/2003-tombstone-walk-to-the-ok-corral-shirt-09292340?_pos=20&_fid=5824cd7ab&_ss=c
2001 Rod Stewart Tour Shirt,$50,1,2000s,https://www.wycovintage.com/collections/2000s/products/2001-rod-stewart-tour-shirt-09292331?_pos=21&_fid=5824cd7ab&_ss=c
2000s Atari Shirt,$40,1,2000s,https://www.wycovintage.com/collections/2000s/products/2000s-atari-shirt-09292321?_pos=22&_fid=5824cd7ab&_ss=c
2004 Iced Earth Greenface Shirt,$100,1,2000s,https://www.wycovintage.com/collections/2000s/products/2004-iced-earth-greenface-shirt-09292320?_pos=23&_fid=5824cd7ab&_ss=c
2002 Secondary Emission World Tour Shirt,$40,1,2000s,https://www.wycovintage.com/collections/2000s/products/2002-secondary-emission-world-tour-shirt-09292315?_pos=24&_fid=5824cd7ab&_ss=c
2000 TLC Fan Mail Tour Shirt,$400,1,2000s,https://www.wycovintage.com/collections/2000s/products/2000-tlc-fan-mail-tour-shirt-09292310?_pos=25&_fid=5824cd7ab&_ss=c
2002 Incubus Morning View Tour Shirt,$125,1,2000s,https://www.wycovintage.com/collections/2000s/products/2002-incubus-morning-view-tour-shirt-09222337?_pos=26&_fid=5824cd7ab&_ss=c
2002 Creed Weathered Shirt,$100,1,2000s,https://www.wycovintage.com/collections/2000s/products/2002-creed-weathered-shirt-09222336?_pos=27&_fid=5824cd7ab&_ss=c
2002 Incubus Morning View Tour Shirt,$125,1,2000s,https://www.wycovintage.com/collections/2000s/products/2002-incubus-morning-view-tour-shirt-09222335?_pos=28&_fid=5824cd7ab&_ss=c
2001 Family Values Tour Shirt,$225,1,2000s,https://www.wycovintage.com/collections/2000s/products/2001-family-values-tour-shirt-09222320?_pos=29&_fid=5824cd7ab&_ss=c
2000 Marilyn Manson Gods Guns Government Crew Tour Shirt,$125,1,2000s,https://www.wycovintage.com/collections/2000s/products/2000-marilyn-manson-gods-guns-government-crew-tour-shirt-09222318?_pos=30&_fid=5824cd7ab&_ss=c
2002 Incubus Morning View Tour Shirt,$125,1,2000s,https://www.wycovintage.com/collections/2000s/products/2002-incubus-morning-view-tour-shirt-09152347?_pos=31&_fid=5824cd7ab&_ss=c
2002 Tool Inside The Outside Tour Shirt,$120,1,2000s,https://www.wycovintage.com/collections/2000s/products/2002-tool-inside-the-outside-tour-shirt-09152346?_pos=32&_fid=5824cd7ab&_ss=c
2004 Usher Kanye West Tour Shirt,$500,1,2000s,https://www.wycovintage.com/collections/2000s/products/2004-usher-kanye-west-tour-shirt-09152344?_pos=33&_fid=5824cd7ab&_ss=c
2003 Rolling Stones Licks World Tour Tie Dye Shirt,$150,1,2000s,https://www.wycovintage.com/collections/2000s/products/2003-rolling-stones-licks-world-tour-tie-dye-shirt-09152322?_pos=34&_fid=5824cd7ab&_ss=c
2003 A Perfect Circle Tour Shirt,$100,1,2000s,https://www.wycovintage.com/collections/2000s/products/2003-a-perfect-circle-tour-shirt-09152314?_pos=35&_fid=5824cd7ab&_ss=c
2002 Creed Weathered World Tour Shirt,$100,1,2000s,https://www.wycovintage.com/collections/2000s/products/2002-creed-weathered-world-tour-shirt-09152311?_pos=36&_fid=5824cd7ab&_ss=c
2000 Ozzfest Ozzy Osbourne Tour Shirt,$125,1,2000s,https://www.wycovintage.com/collections/2000s/products/2000-ozzfest-ozzy-osbourne-tour-shirt-09082334?_pos=37&_fid=5824cd7ab&_ss=c
2000 Godsmack Tour Shirt,$200,1,2000s,https://www.wycovintage.com/collections/2000s/products/2000-godsmack-tour-shirt-09082324?_pos=38&_fid=5824cd7ab&_ss=c
2002 Creed Weathered Tour Shirt,$100,1,2000s,https://www.wycovintage.com/collections/2000s/products/2002-creed-weathered-tour-shirt-09082323?_pos=39&_fid=5824cd7ab&_ss=c
2001 U2 Elevation Shirt,$50,1,2000s,https://www.wycovintage.com/collections/2000s/products/2001-u2-elevation-shirt-09082319?_pos=40&_fid=5824cd7ab&_ss=c
2004 Incubus Tour Shirt,$125,1,2000s,https://www.wycovintage.com/collections/2000s/products/2004-incubus-tour-shirt-09082316?_pos=41&_fid=5824cd7ab&_ss=c
2003 A Perfect Circle Tour Shirt,$100,1,2000s,https://www.wycovintage.com/collections/2000s/products/2003-a-perfect-circle-tour-shirt-09082308?_pos=42&_fid=5824cd7ab&_ss=c
2002 Tool In Side The Out Side Tour Shirt,$125,1,2000s,https://www.wycovintage.com/collections/2000s/products/2002-tool-in-side-the-out-side-tour-shirt-09082307?_pos=43&_fid=5824cd7ab&_ss=c
2002 Stone Cold Steve Austin Whoopin Ass Shirt,$100,1,2000s,https://www.wycovintage.com/collections/2000s/products/2002-stone-cold-steve-austin-whoopin-ass-shirt-09012315?_pos=44&_fid=5824cd7ab&_ss=c
2001 Bon Jovi One Wild Night World Tour Shirt,$50,1,2000s,https://www.wycovintage.com/collections/2000s/products/2001-bon-jovi-one-wild-night-world-tour-shirt-08252338?_pos=45&_fid=5824cd7ab&_ss=c
2002 Periodic Table Of Elements Shirt,$65,1,2000s,https://www.wycovintage.com/collections/2000s/products/2002-periodic-table-of-elements-shirt-08182323?_pos=46&_fid=5824cd7ab&_ss=c
2001 Front Row Challenge Sprint Car Shirt,$60,1,2000s,https://www.wycovintage.com/collections/2000s/products/2001-front-row-challenge-sprint-car-shirt-08042301?_pos=47&_fid=5824cd7ab&_ss=c
2000s Ramones America's 1st Punk Band Shirt,$100,1,2000s,https://www.wycovintage.com/collections/2000s/products/2000s-ramones-americas-1st-punk-band-shirt-07282356?_pos=48&_fid=5824cd7ab&_ss=c
2000s Linkin Park Shirt,$50,1,2000s,https://www.wycovintage.com/collections/2000s/products/2000s-linkin-park-shirt-07212356?_pos=49&_fid=5824cd7ab&_ss=c
2003 Dixie Chicks Top Of The World Tour Shirt,$50,1,2000s,https://www.wycovintage.com/collections/2000s/products/2003-dixie-chicks-top-of-the-world-tour-shirt-07212346?_pos=50&_fid=5824cd7ab&_ss=c
2000 Essence Music Festival Shirt,$250,1,2000s,https://www.wycovintage.com/collections/2000s/products/2000-essence-music-festival-shirt-07212307?_pos=51&_fid=5824cd7ab&_ss=c
2002 Zootopia Music Festival Shirt,$175,1,2000s,https://www.wycovintage.com/collections/2000s/products/2002-zootopia-music-festival-shirt-07142341?_pos=52&_fid=5824cd7ab&_ss=c
2000 Zootopia Music Festival Shirt,$200,1,2000s,https://www.wycovintage.com/collections/2000s/products/2000-zootopia-music-festival-shirt-07142336?_pos=53&_fid=5824cd7ab&_ss=c
2000s MTV 9/11 Memorial Shirt,$100,1,2000s,https://www.wycovintage.com/collections/2000s/products/2000s-mtv-9-11-memorial-shirt-07142332?_pos=54&_fid=5824cd7ab&_ss=c
2001 Destiny's Child Tour Shirt,$300,1,2000s,https://www.wycovintage.com/collections/2000s/products/2001-destinys-child-tour-shirt-06302321?_pos=55&_fid=5824cd7ab&_ss=c
2000s Ramones America's 1st Punk Band Long Sleeve Shirt,$125,1,2000s,https://www.wycovintage.com/collections/2000s/products/2000s-ramones-americas-1st-punk-band-long-sleeve-shirt-06302311?_pos=56&_fid=5824cd7ab&_ss=c
2000s Ramones America's 1st Punk Band Shirt,$100,1,2000s,https://www.wycovintage.com/collections/2000s/products/2000s-ramones-americas-1st-punk-band-shirt-06232357?_pos=57&_fid=5824cd7ab&_ss=c
2000 Poison I Got Fucked Up With Poison Tour Shirt,$75,1,2000s,https://www.wycovintage.com/collections/2000s/products/2000-poison-i-got-fucked-up-with-poison-tour-shirt-06232353?_pos=58&_fid=5824cd7ab&_ss=c
2004 Green Day Shirt,$100,1,2000s,https://www.wycovintage.com/collections/2000s/products/2004-green-day-shirt-06092324?_pos=59&_fid=5824cd7ab&_ss=c
2000s Ramones Long Sleeve Shirt,$125,1,2000s,https://www.wycovintage.com/collections/2000s/products/2000s-ramones-long-sleeve-shirt-06092301?_pos=60&_fid=5824cd7ab&_ss=c
2000s Ramones America's First Punk Band Shirt,$125,1,2000s,https://www.wycovintage.com/collections/2000s/products/2000s-ramones-americas-first-punk-band-shirt-06022338?_pos=61&_fid=5824cd7ab&_ss=c
2001 Radiohead The Most Gigantic Lying Mouth Shirt,$100,1,2000s,https://www.wycovintage.com/collections/2000s/products/2001-radiohead-the-most-gigantic-lying-mouth-shirt-05262335?_pos=62&_fid=5824cd7ab&_ss=c
2003 Eagles Dixie Chicks Benefit Concert Shirt,$100,1,2000s,https://www.wycovintage.com/collections/2000s/products/2003-eagles-dixie-chicks-benefit-concert-shirt-05192343?_pos=63&_fid=5824cd7ab&_ss=c
2000 Smashing Pumpkins Machina Shirt,$175,1,2000s,https://www.wycovintage.com/collections/2000s/products/2000-smashing-pumpkins-machina-shirt-05052354?_pos=64&_fid=5824cd7ab&_ss=c
2003 Type O Negative Life Is Killing Me Tour Shirt,$150,1,2000s,https://www.wycovintage.com/collections/2000s/products/2003-type-o-negative-life-is-killing-me-tour-shirt-7222223?_pos=65&_fid=5824cd7ab&_ss=c
2003 The Doors No One Here Gets Out Alive Shirt,$120,1,2000s,https://www.wycovintage.com/collections/2000s/products/2003-the-doors-no-one-here-gets-out-alive-shirt-08192205ndm?_pos=66&_fid=5824cd7ab&_ss=c
2003 The Dead Tie Dye Tour Shirt,$150,1,2000s,https://www.wycovintage.com/collections/2000s/products/2003-the-dead-tie-dye-tour-shirt-4142344?_pos=67&_fid=5824cd7ab&_ss=c
2003 The Dead Local Crew Shirt,$65,1,2000s,https://www.wycovintage.com/collections/2000s/products/2003-the-dead-local-crew-shirt-10212263?_pos=68&_fid=5824cd7ab&_ss=c
2003 Sturgis Motorcycle Rally Shirt,$75,1,2000s,https://www.wycovintage.com/collections/2000s/products/2003-sturgis-motorcycle-rally-shirt-7012234?_pos=69&_fid=5824cd7ab&_ss=c
2003 Pearl Jam Riot Act Tour Shirt,$100,1,2000s,https://www.wycovintage.com/collections/2000s/products/2003-pearl-jam-riot-act-tour-shirt-10212259?_pos=70&_fid=5824cd7ab&_ss=c
2003 Metallica Jersey Shirt,$100,1,2000s,https://www.wycovintage.com/collections/2000s/products/2003-metallica-jersey-shirt-12092222?_pos=71&_fid=5824cd7ab&_ss=c
2003 Metallica Headbangers Shirt,$125,1,2000s,https://www.wycovintage.com/collections/2000s/products/2003-metallica-headbangers-shirt-1062322?_pos=72&_fid=5824cd7ab&_ss=c
2003 Lord Of The Rings Return Of The King Frodo Shirt,$200,1,2000s,https://www.wycovintage.com/collections/2000s/products/2003-lord-of-the-rings-return-of-the-king-frodo-shirt-4152257?_pos=73&_fid=5824cd7ab&_ss=c
2003 Kiss Kustom Shop Tour Shirt,$75,1,2000s,https://www.wycovintage.com/collections/2000s/products/2003-kiss-kustom-shop-tour-shirt-1202303?_pos=74&_fid=5824cd7ab&_ss=c
2003 Iron Maiden Dance Of Death World Tour Shirt,$120,1,2000s,https://www.wycovintage.com/collections/2000s/products/2003-iron-maiden-dance-of-death-world-tour-shirt-11182246mp?_pos=75&_fid=5824cd7ab&_ss=c
2003 Iron Maiden Dance Of Death World Tour Shirt,$120,1,2000s,https://www.wycovintage.com/collections/2000s/products/2003-iron-maiden-dance-of-death-world-tour-shirt-11182245mp?_pos=76&_fid=5824cd7ab&_ss=c
2003 Chicago Tour Shirt,$65,1,2000s,https://www.wycovintage.com/collections/2000s/products/2003-chicago-tour-shirt-10212264?_pos=77&_fid=5824cd7ab&_ss=c
2003 Alice In Wonderland Liquid Blue Tie Dye Shirt,$200,1,2000s,https://www.wycovintage.com/collections/2000s/products/2003-alice-in-wonderland-liquid-blue-tie-dye-shirt-4292203?_pos=78&_fid=5824cd7ab&_ss=c
2003 311 Shirt,$75,1,2000s,https://www.wycovintage.com/collections/2000s/products/2003-311-shirt-3312339?_pos=79&_fid=5824cd7ab&_ss=c
2002 WWF Backlash Triple H Shirt,$200,1,2000s,https://www.wycovintage.com/collections/2000s/products/2002-wwf-backlash-triple-h-shirt-4082220?_pos=80&_fid=5824cd7ab&_ss=c
2002 Vans Warped Tour Crew Shirt,$100,1,2000s,https://www.wycovintage.com/collections/2000s/products/2002-vans-warped-tour-crew-shirt-4212333?_pos=81&_fid=5824cd7ab&_ss=c
2002 Tom Petty Shirt,$100,1,2000s,https://www.wycovintage.com/collections/2000s/products/2002-tom-petty-shirt-4142337?_pos=82&_fid=5824cd7ab&_ss=c
2002 Superjoint Ritual Shirt,$100,1,2000s,https://www.wycovintage.com/collections/2000s/products/2002-superjoint-ritual-shirt-4292206?_pos=83&_fid=5824cd7ab&_ss=c
2002 Spider-Man Marvel Comics Movie Promo Shirt,$100,1,2000s,https://www.wycovintage.com/collections/2000s/products/2002-spider-man-marvel-comics-movie-promo-shirt-3182258?_pos=84&_fid=5824cd7ab&_ss=c
2002 Speed Street Concert Shirt,$75,1,2000s,https://www.wycovintage.com/collections/2000s/products/2002-speed-street-concert-shirt-4292264?_pos=85&_fid=5824cd7ab&_ss=c
2002 SCI Local Crew Winter Spring Eddie Murphy Shirt,$75,1,2000s,https://www.wycovintage.com/collections/2000s/products/2002-sci-local-crew-winter-spring-eddie-murphy-shirt-4212318?_pos=86&_fid=5824cd7ab&_ss=c
2002 Rolling Stones Tour Shirt,$75,1,2000s,https://www.wycovintage.com/collections/2000s/products/2002-rolling-stones-tour-shirt-4072309?_pos=87&_fid=5824cd7ab&_ss=c
2002 Rolling Stones Licks Tour Tie Dye Shirt,$250,1,2000s,https://www.wycovintage.com/collections/2000s/products/2002-rolling-stones-licks-tour-tie-dye-shirt-3252252?_pos=88&_fid=5824cd7ab&_ss=c
2002 Rolling Stones Licks Euro Tour Crew Shirt,$100,1,2000s,https://www.wycovintage.com/collections/2000s/products/2002-rolling-stones-licks-euro-tour-crew-shirt-6182136?_pos=89&_fid=5824cd7ab&_ss=c
2002 Rob Van Dam WWF Shirt,$100,1,2000s,https://www.wycovintage.com/collections/2000s/products/2002-rob-van-dam-wwf-shirt-7012238?_pos=90&_fid=5824cd7ab&_ss=c
2002 Ozzy Osbourne Dove Shirt,$250,1,2000s,https://www.wycovintage.com/collections/2000s/products/2002-ozzy-osbourne-dove-shirt-08192209ndm?_pos=91&_fid=5824cd7ab&_ss=c
2002 Mudvayne Once Upon A Time The End Tour Shirt,$125,1,2000s,https://www.wycovintage.com/collections/2000s/products/2002-mudvayne-once-upon-a-time-the-end-tour-shirt-05062294tw?_pos=92&_fid=5824cd7ab&_ss=c
2002 Men In Black 2 Movie Promo Shirt,$200,1,2000s,https://www.wycovintage.com/collections/2000s/products/2002-men-in-black-2-movie-promo-shirt-4082224?_pos=93&_fid=5824cd7ab&_ss=c
2002 Mannheim Steamroller Crew Concert Shirt,$50,1,2000s,https://www.wycovintage.com/collections/2000s/products/2002-mannheim-steamroller-crew-concert-shirt-4292222?_pos=94&_fid=5824cd7ab&_ss=c
2002 Kottonmouth Kings Rollin’ Stoned Shirt,$100,1,2000s,https://www.wycovintage.com/collections/2000s/products/2002-kottonmouth-kings-rollin-stoned-shirt-4072347?_pos=95&_fid=5824cd7ab&_ss=c
2002 Kottonmouth Kings Rollin' Stoned Shirt,$100,1,2000s,https://www.wycovintage.com/collections/2000s/products/2002-kottonmouth-kings-rollin-stoned-shirt-3312342?_pos=96&_fid=5824cd7ab&_ss=c
2002 Jimi Hendrix Experience Are You Experienced Tie Dye Shirt,$250,1,2000s,https://www.wycovintage.com/collections/2000s/products/2002-jimi-hendrix-experience-are-you-experienced-tie-dye-shirt-7222208?_pos=97&_fid=5824cd7ab&_ss=c
2002 Green Day Pop Disaster Tour Shirt,$150,1,2000s,https://www.wycovintage.com/collections/2000s/products/2002-green-day-pop-disaster-tour-shirt-07152225jw?_pos=98&_fid=5824cd7ab&_ss=c
2002 Double Trouble Ghost Squadron Flying Naked Ladies Shirt,$125,1,2000s,https://www.wycovintage.com/collections/2000s/products/2002-double-trouble-ghost-squadron-flying-naked-ladies-shirt-08062102jw?_pos=99&_fid=5824cd7ab&_ss=c
2002 Disturbed This Is The Way We Pray Shirt,$100,1,2000s,https://www.wycovintage.com/collections/2000s/products/2002-disturbed-this-is-the-way-we-pray-shirt-7082228?_pos=100&_fid=5824cd7ab&_ss=c
2002 Cher Living Proof Tour Shirt,$100,1,2000s,https://www.wycovintage.com/collections/2000s/products/2002-cher-living-proof-tour-shirt-08202111jw?_pos=101&_fid=5824cd7ab&_ss=c
2002 Bruce Springsteen The Rising Tour Shirt,$75,1,2000s,https://www.wycovintage.com/collections/2000s/products/2002-bruce-springsteen-the-rising-tour-shirt-6252146?_pos=102&_fid=5824cd7ab&_ss=c
2002 Bad Religion Epitaph Records Shirt,$60,1,2000s,https://www.wycovintage.com/collections/2000s/products/2002-bad-religion-epitaph-records-shirt-2252289?_pos=103&_fid=5824cd7ab&_ss=c
2002 All About The Benjamins Movie Shirt,$150,1,2000s,https://www.wycovintage.com/collections/2000s/products/2002-all-about-the-benjamins-movie-shirt-9022251?_pos=104&_fid=5824cd7ab&_ss=c
2002 Aerosmith Girls Of Summer Tie Dye Tour Shirt,$175,1,2000s,https://www.wycovintage.com/collections/2000s/products/2002-aerosmith-girls-of-summer-tie-dye-tour-shirt-9022211?_pos=105&_fid=5824cd7ab&_ss=c
2002 98.9 The Rock Rockfest Decade Of Decadence Concert Shirt,$75,1,2000s,https://www.wycovintage.com/collections/2000s/products/2002-989-the-rock-rockfest-decade-of-decadence-concert-shirt-6182126?_pos=106&_fid=5824cd7ab&_ss=c
2002 98.9 The Rock Rockfest 10 Year Anniversary Concert Shirt,$100,1,2000s,https://www.wycovintage.com/collections/2000s/products/2002-989-the-rock-rockfest-10-year-anniversary-concert-shirt-6182138?_pos=107&_fid=5824cd7ab&_ss=c
2001 Wolverine Sabretooth X-Men Marvel Comics Shirt,$300,1,2000s,https://www.wycovintage.com/collections/2000s/products/2001-wolverine-sabretooth-x-men-marvel-comics-shirt-08062165ndm?_pos=108&_fid=5824cd7ab&_ss=c
2001 U2 Elevation Tour Local Crew Shirt,$50,1,2000s,https://www.wycovintage.com/collections/2000s/products/2001-u2-elevation-tour-local-crew-shirt-6182157?_pos=109&_fid=5824cd7ab&_ss=c
2001 The Mummy Returns Movie Promo Shirt,$100,1,2000s,https://www.wycovintage.com/collections/2000s/products/2001-the-mummy-returns-movie-promo-shirt-4082219?_pos=110&_fid=5824cd7ab&_ss=c
2001 The Lord Of The Rings Fellowship Of The Ring Shirt,$450,1,2000s,https://www.wycovintage.com/collections/2000s/products/2001-the-lord-of-the-rings-fellowship-of-the-ring-shirt-04232102ndm?_pos=111&_fid=5824cd7ab&_ss=c
2001 The Guess Who Tour Tie Dye Shirt,$150,1,2000s,https://www.wycovintage.com/collections/2000s/products/2001-the-guess-who-tour-tie-dye-shirt-7152235?_pos=112&_fid=5824cd7ab&_ss=c
2001 String Cheese Incident Summer Carnie Tour Shirt,$200,1,2000s,https://www.wycovintage.com/collections/2000s/products/2001-string-cheese-incident-summer-carnie-tour-shirt-4072326?_pos=113&_fid=5824cd7ab&_ss=c
2001 String Cheese Incident Summer Carnie Tour Shirt,$200,1,2000s,https://www.wycovintage.com/collections/2000s/products/2001-string-cheese-incident-summer-carnie-tour-shirt-3312336?_pos=114&_fid=5824cd7ab&_ss=c
2001 SpongeBob SquarePants Squidward Shirt,$80,1,2000s,https://www.wycovintage.com/collections/2000s/products/2001-spongebob-squarepants-squidward-shirt-4082235?_pos=115&_fid=5824cd7ab&_ss=c
2001 SpongeBob SquarePants Long Sleeve Shirt,$100,1,2000s,https://www.wycovintage.com/collections/2000s/products/2001-spongebob-squarepants-long-sleeve-shirt-4082209?_pos=116&_fid=5824cd7ab&_ss=c
2001 Shallow Hal Think Shallow Shirt,$200,1,2000s,https://www.wycovintage.com/collections/2000s/products/2001-shallow-hal-think-shallow-shirt-9022256?_pos=117&_fid=5824cd7ab&_ss=c
2001 Rockfest 98.9 The Rock Kansas City Concert Shirt,$60,1,2000s,https://www.wycovintage.com/collections/2000s/products/2001-rockfest-989-the-rock-kansas-city-concert-shirt-8122250?_pos=118&_fid=5824cd7ab&_ss=c
2001 Quiet Riot Guilty Pleasures Tour Shirt,$125,1,2000s,https://www.wycovintage.com/collections/2000s/products/2001-quiet-riot-guilty-pleasures-tour-shirt-5062203?_pos=119&_fid=5824cd7ab&_ss=c
2001 Ozzy Fuckin Osbourne Shirt,$200,1,2000s,https://www.wycovintage.com/collections/2000s/products/2001-ozzy-fuckin-osbourne-shirt-10142254?_pos=120&_fid=5824cd7ab&_ss=c
2001 Ozzy Fuckin Osbourne Shirt,$200,1,2000s,https://www.wycovintage.com/collections/2000s/products/2001-ozzy-fuckin-osbourne-shirt-10142237?_pos=121&_fid=5824cd7ab&_ss=c
2001 MTV September 11th Shirt,$500,1,2000s,https://www.wycovintage.com/collections/2000s/products/2001-mtv-september-11th-shirt-6252161?_pos=122&_fid=5824cd7ab&_ss=c
2001 Lara Croft Tomb Raider Shirt,$300,1,2000s,https://www.wycovintage.com/collections/2000s/products/2001-lara-croft-tomb-raider-shirt-07302106ndm?_pos=123&_fid=5824cd7ab&_ss=c
2001 Jurassic Park III Shirt,$200,1,2000s,https://www.wycovintage.com/collections/2000s/products/2001-jurassic-park-iii-shirt-07302102ndm?_pos=124&_fid=5824cd7ab&_ss=c
2001 Journey Arrival Tour Shirt,$60,1,2000s,https://www.wycovintage.com/collections/2000s/products/2001-journey-arrival-tour-shirt-4082248?_pos=125&_fid=5824cd7ab&_ss=c
2001 Jonny Lang Band Local Crew Concert Shirt,$50,1,2000s,https://www.wycovintage.com/collections/2000s/products/2001-jonny-lang-band-local-crew-concert-shirt-5132235?_pos=126&_fid=5824cd7ab&_ss=c
2001 Janet Jackson Local Crew Concert Shirt,$60,1,2000s,https://www.wycovintage.com/collections/2000s/products/2001-janet-jackson-local-crew-concert-shirt-6182154?_pos=127&_fid=5824cd7ab&_ss=c
2001 Eagles Denver Concert Shirt,$100,1,2000s,https://www.wycovintage.com/collections/2000s/products/2001-eagles-denver-concert-shirt-4142336?_pos=128&_fid=5824cd7ab&_ss=c
2001 Counting Crows Hard Candy Tour Shirt,$125,1,2000s,https://www.wycovintage.com/collections/2000s/products/2001-counting-crows-hard-candy-tour-shirt-05062292tw?_pos=129&_fid=5824cd7ab&_ss=c
2001 Backstreet Boys Black & Blue Tour Long Sleeve Shirt,$100,1,2000s,https://www.wycovintage.com/collections/2000s/products/2001-backstreet-boys-black-and-blue-tour-long-sleeve-shirt-7292237?_pos=130&_fid=5824cd7ab&_ss=c
2001 Ali Movie Promo Shirt,$250,1,2000s,https://www.wycovintage.com/collections/2000s/products/2001-ali-movie-promo-shirt-4082218?_pos=131&_fid=5824cd7ab&_ss=c
2001 Aerosmith Hajime Sorayama Just Push Play Tour Shirt,$300,1,2000s,https://www.wycovintage.com/collections/2000s/products/2001-aerosmith-hajime-sorayama-just-push-play-tour-shirt-9242132?_pos=132&_fid=5824cd7ab&_ss=c
2000 Weird Al Running With Scissors Tour Crew Shirt,$100,1,2000s,https://www.wycovintage.com/collections/2000s/products/2000-weird-al-running-with-scissors-tour-crew-shirt-3312326?_pos=133&_fid=5824cd7ab&_ss=c
2000 Type O Negative Worst Of The Last Shirt,$300,1,2000s,https://www.wycovintage.com/collections/2000s/products/2000-type-o-negative-worst-of-the-last-shirt-7222232?_pos=134&_fid=5824cd7ab&_ss=c
2000 Type O Negative This Bloods For You Tour Shirt,$300,1,2000s,https://www.wycovintage.com/collections/2000s/products/2000-type-o-negative-this-bloods-for-you-tour-shirt-7222236?_pos=135&_fid=5824cd7ab&_ss=c
2000 Tweety Bird Charge It Warner Brothers Shirt,$75,1,2000s,https://www.wycovintage.com/collections/2000s/products/2000-tweety-bird-charge-it-warner-brothers-shirt-7152206?_pos=136&_fid=5824cd7ab&_ss=c
2000 Tony Stewart Home Depot Nascar Shirt,$200,1,2000s,https://www.wycovintage.com/collections/2000s/products/2000-tony-stewart-home-depot-nascar-shirt-6102220?_pos=137&_fid=5824cd7ab&_ss=c
2000 Tina Turner Twenty Four Seven Tour Shirt,$150,1,2000s,https://www.wycovintage.com/collections/2000s/products/2000-tina-turner-twenty-four-seven-tour-shirt-8192240?_pos=138&_fid=5824cd7ab&_ss=c
2000 Tina Turner Tour Shirt,$175,1,2000s,https://www.wycovintage.com/collections/2000s/products/2000-tina-turner-tour-shirt-4012229?_pos=139&_fid=5824cd7ab&_ss=c
2000 Tim McGraw Faith Hill Soul 2 Soul Tour Shirt,$75,1,2000s,https://www.wycovintage.com/collections/2000s/products/2000-tim-mcgraw-faith-hill-soul-2-soul-tour-shirt-2252262?_pos=140&_fid=5824cd7ab&_ss=c
2000 Third Eye Blind Red Summer Sun Tour Shirt,$250,1,2000s,https://www.wycovintage.com/collections/2000s/products/2000-third-eye-blind-red-summer-sun-tour-shirt-01202340ndm?_pos=141&_fid=5824cd7ab&_ss=c
2000 The Other Ones Further Festival Concert Tie Dye Shirt,$135,1,2000s,https://www.wycovintage.com/collections/2000s/products/2000-the-other-ones-further-festival-concert-tie-dye-shirt-12092209?_pos=142&_fid=5824cd7ab&_ss=c
2000 Stone Temple Pilots No 4 Shirt,$150,1,2000s,https://www.wycovintage.com/collections/2000s/products/2000-stone-temple-pilots-no-4-shirt-10142236?_pos=143&_fid=5824cd7ab&_ss=c
2000 Spider-Man Universal Studios Tie Dye Shirt,$300,1,2000s,https://www.wycovintage.com/collections/2000s/products/2000-spider-man-universal-studios-tie-dye-shirt-8272138?_pos=144&_fid=5824cd7ab&_ss=c
2000 Spider-Man Universal Studios Tie Dye Shirt,$300,1,2000s,https://www.wycovintage.com/collections/2000s/products/2000-spider-man-universal-studios-tie-dye-shirt-8202137?_pos=145&_fid=5824cd7ab&_ss=c
2000 Soulfly Tour Shirt,$200,1,2000s,https://www.wycovintage.com/collections/2000s/products/2000-soulfly-tour-shirt-8202145?_pos=146&_fid=5824cd7ab&_ss=c
2000 Smashing Pumpkins Machina Shirt,$250,1,2000s,https://www.wycovintage.com/collections/2000s/products/2000-smashing-pumpkins-machina-shirt-12242107ndm?_pos=147&_fid=5824cd7ab&_ss=c
2000 Santana Tie Dye Shirt,$150,1,2000s,https://www.wycovintage.com/collections/2000s/products/2000-santana-tie-dye-shirt-6242260?_pos=148&_fid=5824cd7ab&_ss=c
2000 Randy Travis A Man Ain't Made Of Stone Tour Shirt,$150,1,2000s,https://www.wycovintage.com/collections/2000s/products/2000-randy-travis-a-man-aint-made-of-stone-tour-shirt-10152126jw?_pos=149&_fid=5824cd7ab&_ss=c
2000 Poison Power To The People Tour Shirt,$125,1,2000s,https://www.wycovintage.com/collections/2000s/products/2000-poison-power-to-the-people-tour-shirt-3032334?_pos=150&_fid=5824cd7ab&_ss=c
2000 Poison I Got Fucked Up With Poison Summer Tour Shirt,$50,1,2000s,https://www.wycovintage.com/collections/2000s/products/2000-poison-i-got-fucked-up-with-poison-summer-tour-shirt-11042294?_pos=151&_fid=5824cd7ab&_ss=c
2000 Paul Simon You're The One Shirt,$75,1,2000s,https://www.wycovintage.com/collections/2000s/products/2000-paul-simon-youre-the-one-shirt-9022250?_pos=152&_fid=5824cd7ab&_ss=c
2000 Pantera Shirt,$100,1,2000s,https://www.wycovintage.com/collections/2000s/products/2000-pantera-shirt-8052271?_pos=153&_fid=5824cd7ab&_ss=c
2000 Ozzy Osbourne Ozzfest Shirt,$150,1,2000s,https://www.wycovintage.com/collections/2000s/products/2000-ozzy-osbourne-ozzfest-shirt-01062334ndm?_pos=154&_fid=5824cd7ab&_ss=c
2000 Ozzy Osbourne Ozzfest Concert Shirt,$200,1,2000s,https://www.wycovintage.com/collections/2000s/products/2000-ozzy-osbourne-ozzfest-concert-shirt-8132168?_pos=155&_fid=5824cd7ab&_ss=c
2000 Oasis Standing On The Shoulders Of Giants Tour Shirt,$250,1,2000s,https://www.wycovintage.com/collections/2000s/products/2000-oasis-standing-on-the-shoulders-of-giants-tour-shirt-6102251?_pos=156&_fid=5824cd7ab&_ss=c
2000 Mudvayne Shirt,$125,1,2000s,https://www.wycovintage.com/collections/2000s/products/2000-mudvayne-shirt-1132305?_pos=157&_fid=5824cd7ab&_ss=c
2000 Metallica Summer Sanitarium Tour Shirt,$150,1,2000s,https://www.wycovintage.com/collections/2000s/products/2000-metallica-summer-sanitarium-tour-shirt-6242202?_pos=158&_fid=5824cd7ab&_ss=c
2000 Metallica Summer Sanitarium Tour Shirt,$250,1,2000s,https://www.wycovintage.com/collections/2000s/products/2000-metallica-summer-sanitarium-tour-shirt-8132101?_pos=159&_fid=5824cd7ab&_ss=c
2000 Marilyn Manson Emperor Shirt,$125,1,2000s,https://www.wycovintage.com/collections/2000s/products/2000-marilyn-manson-emperor-shirt-12302224?_pos=160&_fid=5824cd7ab&_ss=c
2000 Marilyn Manson Adult Entertainment Shirt,$300,1,2000s,https://www.wycovintage.com/collections/2000s/products/2000-marilyn-manson-adult-entertainment-shirt-12232236?_pos=161&_fid=5824cd7ab&_ss=c
2000 Machine Head Year Of The Dragon Tour Shirt,$85,1,2000s,https://www.wycovintage.com/collections/2000s/products/2000-machine-head-year-of-the-dragon-tour-shirt-10282228?_pos=162&_fid=5824cd7ab&_ss=c
2000 Machine Head Year Of The Dragon Shirt,$100,1,2000s,https://www.wycovintage.com/collections/2000s/products/2000-machine-head-year-of-the-dragon-shirt-102122109?_pos=163&_fid=5824cd7ab&_ss=c
2000 Linkin Park Shirt,$125,1,2000s,https://www.wycovintage.com/collections/2000s/products/2000-linkin-park-shirt-4212328?_pos=164&_fid=5824cd7ab&_ss=c
2000 Linkin Park Shirt,$125,1,2000s,https://www.wycovintage.com/collections/2000s/products/2000-linkin-park-shirt-4072325?_pos=165&_fid=5824cd7ab&_ss=c
2000 Linkin Park Hybrid Theory Local Crew Tour Shirt,$125,1,2000s,https://www.wycovintage.com/collections/2000s/products/2000-linkin-park-hybrid-theory-local-crew-tour-shirt-5132221?_pos=166&_fid=5824cd7ab&_ss=c
2000 Leeann Womack Hope You Dance Tour Shirt,$65,1,2000s,https://www.wycovintage.com/collections/2000s/products/2000-leeann-womack-hope-you-dance-tour-shirt-10282233?_pos=167&_fid=5824cd7ab&_ss=c
2000 Led Zeppelin Shirt,$150,1,2000s,https://www.wycovintage.com/collections/2000s/products/2000-led-zeppelin-shirt-03182253jw?_pos=168&_fid=5824cd7ab&_ss=c
2000 Korn Sick & Twisted Tour Shirt,$200,1,2000s,https://www.wycovintage.com/collections/2000s/products/2000-korn-sick-and-twisted-tour-shirt-7222253?_pos=169&_fid=5824cd7ab&_ss=c
2000 Korn Sick & Twisted Tour Shirt,$125,1,2000s,https://www.wycovintage.com/collections/2000s/products/2000-korn-sick-and-twisted-tour-shirt-4082206?_pos=170&_fid=5824cd7ab&_ss=c
2000 Korn Shirt,$175,1,2000s,https://www.wycovintage.com/collections/2000s/products/2000-korn-shirt-3242335?_pos=171&_fid=5824cd7ab&_ss=c
2000 Korn Issues Shirt,$250,1,2000s,https://www.wycovintage.com/collections/2000s/products/2000-korn-issues-shirt-8132122?_pos=172&_fid=5824cd7ab&_ss=c
2000 Kiss Kissonline.com Shirt,$65,1,2000s,https://www.wycovintage.com/collections/2000s/products/2000-kiss-kissonlinecom-shirt-102122107?_pos=173&_fid=5824cd7ab&_ss=c
2000 Kansas Tour Tie Dye Shirt,$60,1,2000s,https://www.wycovintage.com/collections/2000s/products/2000-kansas-tour-tie-dye-shirt-102822108?_pos=174&_fid=5824cd7ab&_ss=c
2000 John Michael Montgomery Local Crew Concert Shirt,$40,1,2000s,https://www.wycovintage.com/collections/2000s/products/2000-john-michael-montgomery-local-crew-concert-shirt-6182135?_pos=175&_fid=5824cd7ab&_ss=c
2000 Jimi Hendrix Experience Tie Dye Shirt,$200,1,2000s,https://www.wycovintage.com/collections/2000s/products/2000-jimi-hendrix-experience-tie-dye-shirt-12232204?_pos=176&_fid=5824cd7ab&_ss=c
2000 Jimi Hendrix Experience Are You Experienced Tie Dye Shirt,$250,1,2000s,https://www.wycovintage.com/collections/2000s/products/2000-jimi-hendrix-experience-are-you-experienced-tie-dye-shirt-3042220?_pos=177&_fid=5824cd7ab&_ss=c
2000 Itchy & Scratchy Show The Simpsons Shirt,$125,1,2000s,https://www.wycovintage.com/collections/2000s/products/2000-itchy-and-scratchy-show-the-simpsons-shirt-01062338ndm?_pos=178&_fid=5824cd7ab&_ss=c
2000 Insane Clown Posse Shirt,$100,1,2000s,https://www.wycovintage.com/collections/2000s/products/2000-insane-clown-posse-shirt-08272115tw?_pos=179&_fid=5824cd7ab&_ss=c
2000 Incubus Shirt,$125,1,2000s,https://www.wycovintage.com/collections/2000s/products/2000-incubus-shirt-05202262tw?_pos=180&_fid=5824cd7ab&_ss=c
2000 Hard Rock Café Madrid Salvador Dali Shirt,$125,1,2000s,https://www.wycovintage.com/collections/2000s/products/2000-hard-rock-cafe-madrid-salvador-dali-shirt-10212244?_pos=181&_fid=5824cd7ab&_ss=c
2000 Hard Rock Café Amsterdam Vincent Van Gogh Shirt,$125,1,2000s,https://www.wycovintage.com/collections/2000s/products/2000-hard-rock-cafe-amsterdam-vincent-van-gogh-shirt-10212219?_pos=182&_fid=5824cd7ab&_ss=c
2000 Grateful Dead Millennium Tie Dye Shirt,$300,1,2000s,https://www.wycovintage.com/collections/2000s/products/2000-grateful-dead-millennium-tie-dye-shirt-4152253?_pos=183&_fid=5824cd7ab&_ss=c
2000 Godsmack Shirt,$125,1,2000s,https://www.wycovintage.com/collections/2000s/products/2000-godsmack-shirt-9172156?_pos=184&_fid=5824cd7ab&_ss=c
2000 Grateful Dead Melting Face Liquid Blue Tie Dye Shirt,$300,1,2000s,https://www.wycovintage.com/collections/2000s/products/2000-grateful-dead-melting-face-liquid-blue-tie-dye-shirt-5202265?_pos=185&_fid=5824cd7ab&_ss=c
2000 Disturbed The Sickness Shirt,$125,1,2000s,https://www.wycovintage.com/collections/2000s/products/2000-disturbed-the-sickness-shirt-09172108ndm?_pos=186&_fid=5824cd7ab&_ss=c
2000 Death Cab For Cutie We Have The Facts And We're Voting Yes Shirt,$120,1,2000s,https://www.wycovintage.com/collections/2000s/products/2000-death-cab-for-cutie-we-have-the-facts-and-were-voting-yes-shirt-08052246tg?_pos=187&_fid=5824cd7ab&_ss=c
2000 Death Cab For Cutie We Have The Facts And We're Voting Yes Shirt,$120,1,2000s,https://www.wycovintage.com/collections/2000s/products/2000-death-cab-for-cutie-we-have-the-facts-and-were-voting-yes-shirt-08052240tg?_pos=188&_fid=5824cd7ab&_ss=c
2000 Dave Matthew Band Tie Dye Tour Shirt,$125,1,2000s,https://www.wycovintage.com/collections/2000s/products/2000-dave-matthew-band-tie-dye-tour-shirt-01292116wl?_pos=189&_fid=5824cd7ab&_ss=c
2000 Darkest Hour Shirt,$60,1,2000s,https://www.wycovintage.com/collections/2000s/products/2000-darkest-hour-shirt-10282231?_pos=190&_fid=5824cd7ab&_ss=c
2000 Alice Cooper Troubled Man For Troubled Time Shirt,$100,1,2000s,https://www.wycovintage.com/collections/2000s/products/2000-alice-cooper-troubled-man-for-troubled-time-shirt-5132206?_pos=191&_fid=5824cd7ab&_ss=c
2000 311 Fall Tour Shirt,$100,1,2000s,https://www.wycovintage.com/collections/2000s/products/2000-311-fall-tour-shirt-4212327?_pos=192&_fid=5824cd7ab&_ss=c
2000 311 Fall Tour Shirt,$125,1,2000s,https://www.wycovintage.com/collections/2000s/products/2000-311-fall-tour-shirt-4072331?_pos=193&_fid=5824cd7ab&_ss=c
2000 311 Fall Tour shirt,$125,1,2000s,https://www.wycovintage.com/collections/2000s/products/2000-311-fall-tour-shirt-3312349?_pos=194&_fid=5824cd7ab&_ss=c
